马来西亚女生，在新工作接近4年，S Pass 第一次申请，保佑🙏  更新，等待9个月又14天，终于approved了！很开心，祝大家好运,通过
sm2 nus 本科大四时申请，中间被要求补过材料。miss了两封ICA的信，其实可以更早拿到。,通过
夫妻一起申请，提交申请时两人在新工作8年，等了9个多月批准。新的一年祝大家好运。,通过
第四次申请，夫妻申请，无孩，妻主申请（在新工作五年半）  更新：pending了将近十个月，期间按要求补了一次家庭信息，终于通过了，开心，祝大家好运!,通过
两夫妻拿PR十多年今年第一次帮3个孩子申请，儿子18岁刚上大一 大女儿16岁 小女儿14岁 希望可以通过。。。等了10个多月终于批准了 祝大家好运,通过
国内本科，本地博士刚毕业，科研岗位，十月份按要求补交父母资料，刚批准，这个情人节和新年礼物拿得很开心！,通过
test,失败
在坡岛9年半，本地sec3-JC-大学，毕业EP，软件工程师，月薪4.8k，6个月工资单出完申请。,通过
10月“悲剧”（被拒），等待了10个月才得知被拒于门外，美梦破碎，愿望撒落一地。压力之都非新加坡莫属。,失败
"马来西亚夫妻28岁，发型师 EP Ite 文凭 ,女 美容师 wp 等了9个月 还在痴痴的等，紧张 整整一年！ 好失望啊！",失败
国内普通二本，NTU硕士，工作2年+，Salary3K+,失败
来新八年，2017.5.8第一次申请，2017.12.1收到信要求补交家庭成员信息，未及时查看信箱，2017.12.27才补交完资料，还在pending // 补完材料两周approved，历时八个月。finally！,通过
夫妻共同申请。申请时男方（主）来新9个月，女方8个月。都拿EP，月薪5K+，4K+。,失败
夫妻，第一次申请，申请时女方（主申请）来新1年8个月，男方来新8个月，双方均EP，月薪5k+，历时6个半月通过，祝大家好运！,通过
"2011年6月来新, 通过O level，Poly毕业工作9个月.",通过
来新近10年，WP holder 7年后upgrade去S pass. 15年9月申请，9个月之后fail. 17年1月第二次申请，今天02.01.18来信批准了很开心。 历时将近一年,通过
女，35，带3岁女儿申请，银行业，月薪10K+，英国硕士，来新2年，9月底交了补充父母材料，希望有好结果。 18年开门红啊,通过
"China 985-211 BSc in 2012, NUS PhD in 2017 April, NUS RF since May, 4K+ S Pass.",通过
工作半年，来新一年，加拿大本科学历,失败
"14K+3K, 一孩儿 ，第二次申，来了三年。",通过
Dpr 国内普通大学 毕业来新7年整 第四年结婚ltvp+ 老公sc 儿子sc 结婚三年后申请 申请时拿loc工作半年 还拿了会计的diploma 现读acca当提升 薪水2000+ 老公3500+ 申请后自己11月辞职 拿到来年1月的offer 刚买resale OTP完就收到IPA信 历时5个月Approved！ 当圣诞礼物！,通过
中国人来新十二年，全家申请，工资3.5K+ 第二次申请，顺利通过！！！感恩！,通过
男方主申请人，国内211本科，EP，小公司director，月薪10K，在新加坡7年；女方国内本科澳洲硕士，EP，IT创业公司就职，月薪5K，在新加坡两年。历时8个月整，终于拨开云雾。,通过
"单身独生，sm，政府科研工资3000，EP, 三个月工资条申请, 8月下补退休父母材料。12/13写了一封email给ICA，问他们收没收到父母材料，12/14就收到回复，并且当天就批了，也不知道是不是巧合。再也不用每天查status了，也祝大家都好运。",通过
"夫妻带女儿一起申请, 均为中国国籍. 男主申, 11年来坡, 公立大学master, phd, postdoc, EP, 5k+; 女, 12年来坡,公立大学master, EP, 4k+; 女儿新加坡出生, DP. 感觉速度还是蛮快的, 11月27号拿到信 同一天网上变为approve. 打开信正文中显示11月22号就approve了. 所以总共用了4个月22天吧.   其实可以更快, 10月份收到更新父母家人资料的信件通知, 但是没有及时查看信箱, 补交材料比预期晚了一个星期. 从补交完材料到正式approve经过了4个星期.  祝大家好运!",通过
来新6年申请， 私立本科+公立研究生，  IT行业， 薪水3k， 求好运,失败
2007年来坡，  博伟，中学， ite ， poly毕业  。  SP 底薪2000  2017年1月申请，  8月通过。   非常理解无奈的心情，   拿pr 只为了生活稳定。。。,通过
国内985本科和研究生来新5年，36岁EP，和DP老婆儿子一起申请，家庭月收入10K， 老婆持LOC工作。第二次申请7个月后批准。感觉主申请人是独生子女的较难申请。,通过
男，国内985大学研究生学历，无本地学历，来新4年，已婚，老婆SC。本地国企工作，月薪5K，第二次申请。,通过
"男，NTU Master，来新四年，EP, 4K+， 第二次申请，等待过程中EP已经Renew。 依然杯具。",失败
"男，36,	国内本科，来新7年，第二次申请，薪水4800，准备上诉，上诉后悲剧",失败
2010年初来新加坡求学，就读于新加坡东亚酒店管理学院，高级大专毕业，毕业后酒店实习半年，第一份工作3年半，第二份工作3年。第一次申请，以无所谓的态度，结果申请成功，真不知道该喜还是该忧。,通过
男主申 36 国内二本，澳洲硕士，收入10K+  女36 2000+ 1儿子1女儿。   双独 。申请时来新加坡3年半。 其中刚来6个月的时候带全家申请过一次，三月秒拒了。,通过
马来西亚女生 S PASS HOLDER 来新 3年 第二份工作申请 第一次申请 更新下 即将迈入10月份 就是等待第12个月了 T.T 希望有好消息 要拒就快 可以换新工作。 整整一年 FAIL,失败
26岁 来新近7年 私立本科 工作五年 SP 薪水3.3k MNC  老公NTU本科PR 不过是独立申请没有under sponsor,通过
"马来西亚女30，已婚，独立申请。2014来新，IT行业，EP, 月薪3500.",通过
"来新两年，Graduate diploma, 工作7个月，单身女性，IT行业， 第一次申请，求好运。",失败
"been in Singapore for 6 years, apply together with my husband, no kid, EP holder & SP holder, Chinese bachelor degree, total income S$9000/month, pending 6 months",失败
1.  SP holder 2. Degree holder ( Graduated from Malaysia) 3. Been singapore for 5 years. 4. Female and single 5. First time apply.  Good luck to everybody!,失败
NUS本，EP，三月底交的材料，当时有7个月工资单。八月中收到补交父母消息的资料，中间搬了次家。 现在09/20还没出结果... 10/27过了,通过
"Master degree from PolyU and Bachelor degree from HKUST. 2 years in SG, 13K Salary with DP wife and no kids",通过
老公PR，带娃申请,通过
本地读的小学，中学，poly。来新12年。3月23号申请，五月中收到补交家庭资料，九月21号批准了，系统9月24号才approved，9月25号就收到信了。,通过
"EP, LCCI Diploma, Msian.等好日子公布结果吗？等等等等，迈入第11个月。求好运。 很难过",失败
"Spass holder, 冷气安装员， 底薪$2450 + 佣金。与太太一起申请。太太diploma, 文员。朋友一家带小孩申请成功。",失败
Spass 四年半后申请 老师 七个月通过 年薪七万左右 国内本科毕业 供参考。。。祝好运。。。。,通过
NUS本 canada master 工作6个月申请  更新：8月下旬补交父母工作经历 更新：10月2号approved。祝大家好运！,通过
"S PASS, 马来西亚人, Diploma, 在新加坡工作了10年，船厂公司，薪水2500+ 顺便sponsor老婆和几个月大的孩子一起申请。老婆WP, admin工 薪水2200+  十月2017 Reject了，十分失望",失败
国内本科 新加坡Master 工作一年 来新2年   第一份工3K+ 现在要换新工作5K+  当陪跑群众,失败
13年大学毕业，14年来小新，第二份工拿S PASS，一年后申请PR. 历时四个月多通过～祝大家好运🍀🍀🍀,通过
政府中学中三中四后升入poly，工作3个月转正后申请pr，三个月就收到通过信了。另：现在申请pr不需要工作3个月或6个月后，移民厅的工作人员说有工作了就可以直接递交申请了。,通过
。。。。,通过
SM系列 NUS本科 现在EP 申请后等了6个月了还没消息 7月21补交父母资料 希望能顺利通过  9月19号IPA 希望大家都好运！,通过
"马来西亚， 女， 29 岁已婚，自己个人申请没带老公，S pass, 来新大约9年，LCCI accounting , 职业：Account Executive , 薪水 2500 ，第一次申请，等了九个月终于批准。祝大家好运成功！",通过
申请时来新4年8个月，薪水4k+，建筑行业S pass，第一次申请，pending中 ； 9月22日查到结果，reject,失败
08年底来新，中学，ITE，Poly， 毕业工作7个月申请。希望各路神仙保佑，快快批下来。,通过
"poly+NTU, 工作半年申请",通过
政府中学中三开始读O水准，poly毕业。工作一年多，月薪2.7K。独生女。七月被要求补交父母资料，历时八个月通过。,通过
独生子女，父母公务员。工作不到一年，薪水3k，没交过税。带老婆(wp，薪水1k)一起申请。1月申请，只有一个月工资单。6月收到信要求补交父母材料。9月批准，历时8个月。(公立本科),通过
2010来新，Poly毕业后去英国读本，软件工程师，EP，工作六个月，单身，独生子。,通过
"NTU msc, 2010来新加坡，2014年第一次申请，R&D; engineer薪水3600，3个月被拒。2017年3月结婚，老婆是pr，月底就去提交申请，老婆sponsor。4月初收到ica来信要求补交父母信息，随后6月底我换工作，加薪到4500，加上老婆公民批准，用email给ica更新了这两个信息，8月初status变成withdraw，过了一周变回pending，再过了一个多月到9月12号查询，变成approve。有配偶sponsor的话，确实比较容易，没有本地poly或者公立大学degree的同学可以借鉴一下，不然msc拿pr还是挺难的，什么义工，R&D;，低于8000的薪水，都是浮云。",通过
马来西亚男，90后，poly毕业，持s pass在实验室当小咖，月薪2k ××后记×× 批了！批了！苦等了8个月，终于批了...,通过
单身PR带收养的孩子申请，月薪加奖金大概１万新币吧，历时6个月通过，给需要的作个参考，也祝后面申请的网友好运！Good luck!,通过
男，10年来新读Olevel，11年回国1年，12年到15年NAFA毕业，SPass工作1年后申请，希望快点批保佑保佑！ 历时142天，4个半月，感恩，感觉本地学历是最重要的。以后再也不要再来这个网站了，祝大家一切顺利；好运相伴,通过
"35岁，EP, 985本科，来新2.5年，1个儿子，带老婆孩子申请。",通过
女，26岁，未婚。 政府中学+poly+NTU。 制造业MNC， IT岗。工作半年首次申请， 月薪3000+。   5.30收到信，补交家庭父母职业资料。      九月八号批！等了快七个月了！祝大家好运！,通过
"sp,工作四年",失败
老公PR帮我和孩子申请，第一次等了9个月被拒。第2次带女儿再次申请，收到IPA　letter，开心，祝大家好运。,通过
"来新2年多申请, 等待10个月收到结果. 大学研究工作4.9k/month, 新加坡当地part-time硕士, 31岁, 初次申请即幸运通过. 也祝目前PR申请者好运.",通过
申請時 EP 快要3年 IT行業 非本地degree,通过
2010年来新 2012工作，国内本科+私立硕士+公立兼职硕士在读（2018毕业）； 31岁；单身； SP;5K; Marketing manager  独生子女，父母情况 退休+已故 		 第二次申请，第一次在2015年，5周reject 第二次申请，人刚一出境系统就reject。。。10周,失败
来新9年，博士生。32岁第一次申请。月薪7K++. 痴等六个月后刚刚renew EP 马上就批了 :),通过
2013年8月来新，2015年7月第一次申请，2个月后秒拒。今年2月再次申请，等了5个半月，批了，来新刚好4年！条件：单身女，31岁，国内本科，英国硕士，递交申请时月薪约6.5K，后来换工作月薪7.8k。,通过
10年来坡 local poly+ uni 工作六个月申请  1.14-8.18 七个月批了 谢谢大家,通过
父母都是PR，poly畢業，都在新超過10年。2015年本地出生，爸爸担保申請11个月被拒（爸爸自顾人士，媽媽全职在家），12月媽媽開始上班，找議員寫信遞交工作證明，appeal兩個月後還是悲劇。媽媽持續上班1年后重新媽媽擔保申請。月薪3000,通过
Degree 在 UK 大学，在新加坡一年半,通过
SM3学生持EP申请，历时9个月终于过了。希望大家都能pass。,通过
马来西亚女生 来新4年 第一份工作wp之后转换s pass  第一次申请 还在等待 希望有好消息。  更新: 准证10月到期，7月21号更新准证 27号updated ica by email，8月5号收到回复说有结果 8月7号检查已批准。历时8个月 。祝各位好运☺,通过
来坡6年，BCAA diploma，SP，月薪2500+，第二次申请，老公是PR，结婚后一个月申请,通过
第一次申请，EP，国内本科，本地PHD,失败
"老公来新近13年,PR近10年,Real Estate agent,本人来新近5年,本地私立Degree,做Admin工半年",通过
全家15年9月来新，不到两年，从事MRT地铁车辆测试工程师，月薪7k。老婆没有工作。大女儿今年在政府学校读p1，小女儿去年在新加坡出生。,失败
老公担保的，终于批了！谢天谢地🙏,通过
来坡4年，独生未婚女，NTU硕士，软件工程师工作经验3年， 第二次申请被拒,失败
全家15年来新，16年申请，带老婆孩子一次性申请。一次性通过。总结想通过的心得是工资稳定、有孩子、老人无移民需求,通过
sm系列，七个多月,通过
"男41歲,2008 9月來新工作,薪資5k,2009 及 2011單獨申請被拒,2012結婚,家庭薪資8k,2013,全家3人申請被拒,2014 12月底第四次申請,2015 11月被拒,2016 3月寫信上訴並更新薪資,2017 6月中旬 ICA來信要求最近半年的薪資跟過去3年稅單,2017 7月中旬狀態就批准了總共歷時31個月.",通过
夫妻都是国内211/985本科，第一次申请三个月内秒拒，第二次申请等待近两年终于通过。家庭收入10K。祝还在等待的好运。,通过
"中国人，来新9年。三年前的时候已经做了三年护士，薪水 2000, pending 四个月被拒。被拒了马上换了工作，后来做和健康行业有关的IT工作，今年开始薪水 2400，这次申请pending 五个月现在又被拒了。身边做护士的朋友分别在申请 1次，2次，4次后拿到了。读的澳洲护理本科。",失败
馬來西亞人、女、poly diploma+英國degree、EP、工作六個月後申請PR,通过
来新4年，夫妻两带一孩子，都是国内本科的，估计没希望，不过反正不要钱。,失败
小学 中学 poly 毕业工作 工资2000,通过
两人申请，国内大学毕业，EP月薪8K+DP月薪2K，来新两年,通过
"申请dependent PR，加拿大PhD, NTU RF, EP 薪水basic 4.5K，工作8个月，第一次申请",通过
丈夫主申请人，妻子全职太太，儿子3岁，女儿1岁，均新加坡出生，去年10月申请，今年5月底全家获批，此前3次申请悲剧。说说基本情况，丈夫，36岁，EP，月收入7500+，本科毕业后在国内工作了几年，2010年来新加坡国大念硕士，2011年毕业后工作。妻子2013年辞职来新，同年第一次申请悲剧，2014年第一个孩子出生，同年第二次申请悲剧，2015年第三次申请悲剧，2016年第二个孩子出生，同年10月第四次申请，也准备是最后一次申请，做好了悲剧就回国或去其他地方的准备，今年5月底通过。感觉度过了PR申请最黑暗的时期，现在好像开始放松了，但愿后来者更幸运。,通过
"马来西亚女生, poly毕业, 薪水gross 1.9k-2k, s pass, 工作8个月申请, 私人医院上班, 保佑保佑! 6个月半拿到pr!!好开心！感觉不是看薪水",通过
来新8年，本地JC+公立本科，单身女性，媒体行业，EP。首次申请。,通过
大陆985本科。新加坡Msc。 工作两年申请。工程师。月薪4000多一点点。老板推荐信。26男未婚。  三个月不到秒拒。在我意料中。 身边好多类似的case。。。,失败
"女，05年来新，政府中学3年，Poly3年，UK本科3年（有去MOE交担保金推迟TG Bond），15年本科毕业回新工作。S-Pass，大公司，会计，Basic 2k3, Gross 2k6，工作近7个月申请。之后主动发邮件更新薪资，Basic 2K8，Gross 3K。17年5月22号收到ICA邮件更新父母信息，父亲政府单位，如实填写，23号回复ICA，一周后5月30号，PR批准。一共历时12个月零2周。",通过
NUS本科，来新十年，EP月薪3K.中间加薪到4K并更新。4月份ICA发信问是否带妻子一起后把妻子加入，一个月后批准,通过
nus bachelor class of 2016,通过
NUS研究生文凭，NTU硕士在读，大陆本科与双学位。13年7月来新，工作两年半后申请，软件工程师，薪水4k，有老板推荐信。单身，男，EP，第一次申请。后续：三个半月被拒了。补充信息，今年28岁，非独生子女，有个大我8岁的哥哥在老家陪父母,失败
男 薪水4600 带老婆2300 孩子 2岁 不知结果如何 第三次申请,失败
"EP来新加坡三年，带一个男孩, 老婆新入行幼师（现退出）,第三次申请通过。",通过
11来新 NTU Msc 第三次申请,通过
来新8年多，工作四年多，SIM本科毕业，上市规模公司工作，平均月薪4K+，第三次申请于2016年09月02日递表2017年01月多reject，之后appeal，02月01日改成pending，04月03日再次reject。前后算上appeal共申请4次，现在决定打包回国发展。,失败
全家第二次申请，男主43岁，从SP转EP，8.5K，第三国master，申请时来新4年半；女48岁，DP，2.2K，国内中专；男孩13，政府小六 。期间补充女方工资，孩子考试奖状和中学就读证明,通过
中国PHD，薪水7k，申请1次悲剧，申述1次悲剧,失败
本科，新加坡工作五年半，薪水不到三千.,通过
06年来新，政府中学+poly，毕业拿sp，历时135天准准4个半月approved,通过
本地 公民男  担保马华人女配偶  16年7月ROM  12月申请PR 4月15号网上查询结果 发现已批,通过
家庭申请，男带女加一个小孩。国内博士，来新一年半，basic salary 8000。女为NTU在读博士。小孩一岁半，在新读幼儿园...估计会杯具 最后杯具了,失败
"夫妻EP DP,EP国内本科，DP新加坡硕士。来新6年，无孩，年薪80K。 第四次申请，4个月批。",通过
本人国内985本科毕业，2016年8月来新，在nus读fulltime master，9月和老公登记，10月申pr，整整半年通过了。老公是sm3，nus本科毕业，来新7年，工作两年，2016年6月拿到pr，年薪6w5,通过
2016年3月24日，一家三口申请，主申请人09年7月开始在新加坡工作，英国master，大陆degree，一直EP，第四次申请，目前世界五百强企业，global role，产业巨头。basic salary 6.5K+， 另外还有9%的外国人基金，加起来 7k多一个月。annual package 110K. 31岁。太太和儿子在14年六月来新加坡，儿子目前四岁不到，在child care centre。太太目前持有LOC工作，月薪2.1k， office工作。申请一个半月后，被要求补充双方父母的资料。10月初收到拒信，10月10日去ICA提交上诉。。。。  2017年3月补交了新的工资单，正常的工资增加，2017年4月6日，approved,通过
一人单独申，来新2年，金融业，月薪10k，补交父母信息一次，历时1年,通过
"31岁单身，EP, 国外本科，来新1年半申请，历时9个月通过",通过
男申请DPR，海外博士，EP来新加坡两个月后申请。女PR已1.5年。,通过
"EP pass, 国内本，坡fresh PhD, 带妻子（DP) 申请，2月份时候因为合同续约了，给ICA 发过邮件。申请时男来坡6年，女4年，long term 转的DP.  感恩坡政府，感谢狮城er搭建的平台，特来更新。祝大家早日拿到身份，日子越来越好。",通过
12年来新，2年半WP，一年半SP，老公去年刚拿到的新公民，结婚两个月就申请了，历时四个月，今天查询approved，太激动了，祝大家好运。,通过
"EP, Basic S$4K+, 本科国内985, 211, NUS master, 来新4.75年, 工作3.75年, 独生子女, Single, 4th time app, 4th rejected.",失败
ntu本科毕业来新8年，4k+工作一年。,通过
女，大龄单身，EP，国内本科，来新2年，提交前申请了本地公立大学的master（业余）,通过
"2008 年3月来新,老公2014年12月来新,2015年8月在马来西亚结婚,2016年9月27日用SP带老公一起申请,还在等消息，已经5个月的等待，希望有好结果。。。 等待是个煎熬...很开心的一次就成功申请，反复检查了几次深怕系统错误，不过几次的结果都是“Approved”。。。现在等待收到信做进一步的过程处理",通过
马来西亚，女带丈夫一同申请，只是普通执行员，等了5个月希望有好消息。。。,通过
"NTU PHD，女生是research fellow （EP）, 带着老公research fellow（EP） 一起申请，中间ICA给老公打过一次电话问薪水多少，但是没有要payslip，2017年2月6日approve, 3月9日拿到IC。祝大家申请顺利~~",通过
这是第四次申请了。 夫妻10年来新，国内985，NTU硕士，男主申请人，薪水5k+，女5k，孕期被拒后带着医生开的男娃证明去appeal，还是被拒。真费劲，快绝望了。,失败
毕业工作一个半月后申请，希望不要被拒. 希望快点出结果,通过
感恩，通过了，在phd毕业之前~ 老公是pr，我本人现在还是phd在读快要毕业，结婚三个月后申请。祈祷~,通过
NTU 本科，薪水3K+,通过
25岁，未婚，薪水2.5k媒体工作，马来西亚人，台湾毕业， 在新加坡工作两年,通过
"NTU Fulltime Master, 13年fall来新，base四千。结果意料之中。没想到这么快。",失败
"30男，$4500, 来新4 年半，211本科，EP 中小型公司市场部， 去年Pending 5个月被拒，目前第二次申请。 阿门~ （后续）预料中被拒，考虑要不要离开破县去澳洲或者加国，原先想拿PR读MASTER，看来还是去澳洲或者加国读比较好，留下的机会也大些。",失败
男 PR Sponsor妻子申请，男本地公立大学本科，工作5年。女从国内来坡，补习中心华文老师 ROM 半年后申请,通过
来新8-9年，中学政府中学，POLY毕业，工作11个月递申请，五月多一周得到结果,通过
Local Poly + Local Uni，工作三个月提交申请，建筑项目工程师，basic salary 2600SGD，第一次申请6个月出头即approved，感恩！,通过
2012年来新，公立大学master，毕业工作于consulting行业，薪资4k左右，第三次申请，依然失败，好难,失败
全家申请（第一次）；男EP，第三国硕士，来新接近四年，月薪$10K+，非独; 女DP，homemaker; 两个宝宝，均在坡县出生。老板写了一封热情洋溢的推荐信。,通过
"本地JC, NUS本科毕业，来新加坡7年+ ， 工作半年申请，不到6个月收到IPA. 非常幸运！希望大家新年有好运！",通过
"中国人，本地JC, NUS本科毕业，工作半年申请，大年初二网上批准",通过
6月ROM， 老公 PR sponsor。11年底来坡，985本科，NTU Msc，工作3年，EP，薪水$3.5k。9月份补过一次父母和兄弟姐妹材料。,通过
夫妻ep带小孩，小孩在新出生🐣，来新4年，第二次申请,通过
"年龄30，09年来新，985本科，NTU master, 在新时间master1年，工作6年，共7年。第三次申请。薪水7k+。",失败
来新十年，NUS本科毕业，本地公司工作8个月申请,通过
"$4000, EP, 本地PhD毕业6个月,8月初补交父母材料（要求在两周之内补齐，但邮戳显示这信过了一周才寄出来，差点没赶上）。求好运！",通过
"夫妻国内985本科，男 12年来坡，13年NTU Msc毕业，IT工作3年多 4k+， 女  12年来坡，13年NUS Msc毕业，3k+, 希望早点拿到吧。 ///准备回家！",失败
"EP, Basic S$4K+, 本科国内985, 211, NUS master, 来新4年, 工作3年, 独生子女, Single, 3rd time app. 被拒收材料，说是距离上次被拒不到6个月，只能appeal..",失败
Nationality: Malaysian Sex: Male Age: 26 years old Qualifications:  1. Bachelor Hons Engineering (Non-SG) 3. Master science Engineering (NUS) Duration in SG: 2 years Salary: SGD3000 Family members all stay in Singapore,通过
"来新加坡14年，2002来新， 小中学都在这边，poly 毕业 拿SP准证工作了一年整申请PR, 公司不给写我的资料，不过我照样提交，每想到3个月就下来了。四面佛保佑，要去泰国还神了！！！！",通过
单身女子，35岁，来自马来西亚。澳洲多媒体设计学士，新加坡南洋理工大学资讯学硕士。硕士毕业以后曾获邀申请PR但没接受。五年前来新从事教育工作，是半个公务员。一直都是EP，月薪5K＋。等了将近7个月，PR获批。,通过
"DPR, Malsysian, 09年来新，LG 拿到PR 1个月我就提交材料，等了13个月通过",通过
NTU PhD，刚工作一个半月就提交了申请。老婆已经是PR，所以是以EP holder身份申请，工资6K+，顺利通过。,通过
"女本地poly+8年新加坡+PR一年半+政府医院护士+Basic 2,900 Sponsor 男国内211+4年9个月新加坡+SP+Oil&Gas; Engineer+Basic 2,900. 5月下旬ROM6月上旬申请。静静的等着。。。",通过
couple，来新5年多，男NTU博士，外企工作，EP，5K+，女，NTU硕士，NTU工作， 3K+,通过
GF 月薪7000  失败,失败
男带女一岁宝宝申请，半导体行业，国内211本科，来新五年，薪水4.5K，SP。女国内985硕士，来新3年，4K，SP。三个月秒拒。好难过,失败
工作接近一年后去申请，薪资3k＋，用了7个月批准了～ :)  专业是机械工程师,通过
"老婆申请dpr。老公08年来新，国内本科，NTU硕士，pr6年, basic 5000+。老婆11年来新，国内TOP3大学本科，申请时NUS博士在读。结婚两个多月申请。7月份毕业，还没UPDATE学位证，也没工作，就正好收到PR通过的信了。",通过
"来新5年多，ntu毕业phd一枚，毕业后拿EP做postodoc，工资4k+,工作8个月后申请，等了5个多月终于被批准",通过
"DPR,老公担保申请。两个人都是27岁。老公：PR 不到两年，NTU本科毕业，SMU part-time 在读master, 薪水basic 4000, 大公司。来新快9年。后来单独申请SC(已经批准)。本人: 国内二本毕业，薪水2200，SP，申请时候来新两年半。 ROM 一个月之后申请的， 历时了13个半月才批准",通过
"国内985本科，12年来坡NTU MSC, 13年工作 14年结婚，老婆也是NTU master,第一次申请，3个月秒拒。第二次申请，pending 15个月 要求补家庭信息，10天后网查approved",通过
本地PHD 男，单人申，工资4000+，交申请后一个月被要求补交材料,通过
"马来西亚男30岁，Spass，wp 11年，来新12年薪水2000+，ITE part time higher nitec文凭,已超过6个月还没消息。希望有好消息，因为材料准备和申请程序很麻烦",失败
SM3，独生子，薪水3K，等了近6个月终于批了，祝大家好运,通过
来新11年中学 ITE poly2015年毕业，等了三个月零十九天上帝保佑终于批了,通过
老公pr sponsor，本人在读博士，均来新八年,通过
第一次申请，马来西亚籍，马来西亚学士毕业。2014年12月来新，拿wp，1月末辞职。2015年3月末新工作，金融业，EP，底薪2K，全部不到2.3k。,通过
"国内top2 MD，medical officer, salary 7k＋，2014.7来新，单身女，第一次申请",通过
"家庭申请，男主申，NTU PHD，EP， 4k+, 工作一年， 中间ICA发信要交PHD学位证，7月底convocation拿到才补交上。女，NTU　PHD，交论文未答辩，继续在学校做RA，SP，不到4k. 男孩，三岁多，新加坡出生。 P.S.，刚准备换工作，MOM前几天刚批了新的EP，换家大公司。 觉得他们内部系统绝对是连着了，过几天这边就更新状态了。",通过
12年来新，两年WP，后来换工作，SP， 申请时2900+， SP一年多，pending过程中加薪两次，结婚，补交父母信息，然后通过,通过
"馬來西工人, 工作7年，work permit 6.5年, EP 3个月, 第一份工作, Marine service,  CET diploma, basic 2.4K, annual income 39.5K",通过
"S Pass, Malaysian.",通过
"2007.9来新加坡读O Level, 2009.4-2012.4读Singapore Poly,之后去英国2年。2014.7回新加坡读master. 2015.8开始在新加坡工作。政府工,薪水4k+.  一直忘记查了。。8.5回家收到了信发现通过啦 哈哈囧",通过
"2 years S-pass holder, Monthly pay 3550. Husband(also PR) sponsors. Approved just before my last day. so lucky!",通过
来新8年，'O' Level 1年，poly 毕业， 工作4年 工资3.5K 求好运！,通过
"EP, Basic 5K+, NTU master, 来新四年 工作三年, 第一次申请，三个月20天被拒。",失败
"马华 男，32岁，Senior Finance Exe, EP, Basic $3100, 私立大学 Degree in Acc & Fin (Part Time), 历时八个月",通过
"本人國內211本科,老婆國內master,夫妻申請,家庭月收入8k+,均從事半導體行業,SP holder.來新4年,第一次申請.",失败
国内一线城市户口 工学学士 单身 来新5年 独生子女 第四次申请 年薪120K。,通过
国内211+985硕士，来新七年。申请时薪资不到8K。年龄37岁。带老婆和一儿一女，女儿三岁儿子六岁，老婆没工作。希望大家都有好运气,通过
NUS本科毕业。毕业之后在半导体公司上班，月薪3500. 1年4个月 终于批了...,通过
"马劳， 单独来新1.5年， SPM 文凭， S PASS, 工厂Operator， 历时9个月",通过
27 马来西亚人 2.3k++ EP 新加坡工作3年半 学士学位,通过
poly 毕业，薪水2.3k,通过
Poly毕业，工作7个月，S-pass，2.6k 在台湾旅行的时候看到被批准了，太开心！,通过
"Malaysia Male 29 years old, 第三次申请。 来新工作 3 years++， EP Holder。 薪水 4K++SGD。 在MNC IT 工作。 最近补交资料 - 新加坡ROMCertificate - 太太资料（PR） - 薪水单",通过
SM3，NTU，本地小公司，历经6个月，其中补交一次工资单，通过,通过
Chinese national S-pass Diploma from Singapore Polytechnic 2-year Secondary school,通过
22岁，来新8年，政府中学+poly，工作半年后递交申请，spass basic 2200，历时6个多月,通过
MSc and BEng from HK Government University >8K and worked in Singapore for ~3 years,失败
"MSC，新加坡工作>2年，經理職，收入4000+,第二次申請",失败
单身 女 新加披私立大学毕业之后去英国读master 毕业后回新工作  拿ＳＰ一年后更新EP　申请时工作ＥＰ三个月　薪水３６００.　  各种求好运。。想要拿到ＰＲ后光速离职。。。哈哈,失败
"SP, 2009年来新。等了足足9个月才来拒绝, 我的天啊, 干脆3个月就拒呗",失败
poly毕业，历时4个月多。在新加坡呆了差不多10年了,通过
先生主申请人。月薪11K+，来新5年多。 本人第二次申请，（第一次是一个人申请）。 Spass，月薪2700，本地私立本科毕业。 来新快8年。   希望好运。,失败
"本人申请DPR,来新6年，私立master毕业，工作4年多，做技术支持，月薪2900. 老公SC,一间小公司的finance manager, gross 5700sgd. 2016年1月注册，2月申请PR.",通过
"來新6年, 國內211 master, 月薪 6.7K, 帶妻子和寶寶一起申請, 妻子也是國內 master, 寶寶一歲半.",失败
"pass!!11年来新，12年进poly, 15年毕业拿s pass 2.2k, 求好运！",通过
15年poly毕业 2.5k 来新10年 自己申请,通过
POLY毕业，交了两个月薪水单后又补交了四个月薪水单，没有公司信。五个月通过，感谢观音菩萨保佑,通过
poly毕业，没公司信。,通过
"EP, Basic S$4K, 本科国内985, 211, NUS master, 来新4年, 工作3年, 独生子女, Single, 2nd time rejected.",失败
等了15个月，感谢主。愿大家也在耐心等待后有好结果。2010来新，大学4年，工作2年ep，未婚。,通过
"Master, female, single, 10k+, sg 5years",失败
本地phd，09年来新，单身男,通过
女，PR，政府医院做工，男，持DP，工程师，月3000左右，由女方担保申请，4个月1天批准,通过
"马来西亚男，S pass holder，basic 2500, 在新工作4年，父母双pr。Approved了，感恩！",通过
2010年poly毕业，毕业后在英国读master。14年回新，工作与poly专业对口。提交申请后在新结婚，3月7日来信补交结婚证(老婆15年8月拿到pr)。pending7个多月终于approved。,通过
夫妻两人，男主申，NUS PHD，来新六年，现为博后；女副申，NTU RA，合同较长。交材料一个多月后即收到ICA要求补交父母材料信息，又等了两个多月通过。,通过
28岁，单身，澳洲的本科和硕士，在新加坡考了个acca，2012年来新工作，没换过公司，申请时3.5， 后来用邮件交了加薪到4.5的工资单。申请的时候老板还给我写了一个supporting letter.,通过
国内985 本科 NTU PhD 刚交论文 MNC 4.5K/Month EP holder 工作五个月提交/三个半月应该算秒拒了吧，看来得等拿到毕业证先,失败
"男, 单身, 2015 Poly 毕业, 来新7年, 6个月工资单, Basic 2200, pending 4个半月 Approved, Finally...",通过
Poly毕业 Basic 2200 在新10来年 小公司,通过
test test,通过
"POLY 毕业  在大公司工作 因为quota 问题 之前拿了一年WP, 换成SP 后马上申请PR, pending 九个月时写email 问进展, 2 月收到补交父母的信，但SB房东3月才给我， 去ICA补交并写了解释信， 四月终于批下，等了整整1年。FK",通过
NUS本科，美国PhD。回新工作8个月后申请。Pending 11个月终于批准。,通过
本地工科Phd，国内本科+Master，在新5.5+年，女，单身，博后research工作，拿EP，薪水5k+，已经pending 快7个半月，没有任何消息，等了好长时间，在这里更新祈祷一下，希望能过。加油加油。 更新一下： 4月11号查，刚刚通过，2010年来新，从交材料到approved，共历时近八个月，第一次申请，申请时已毕业在学校继续工作近一年，参加convocation拿到学校发的正式PhDdegree后才申请，当时只交了基本申请表格和两个向福利机构捐款单，未补充什么材料，希望能给大家一个参考，也祝大家能有好运。,通过
男主申：NTU PhD，申请时在新四年+、工作五个月，薪资6k，第一次申请。女副申：NTU Master，申请时在新三年+、工作两年多，薪资3.7k+，第二次申请(独立申请过一次)。两人均国内本。整6个月时获批。,通过
单身女，政府工，薪资3600，工作四年多，第一次申请，通过,通过
国内top2 本科，2009年来新，一直是EP holder，第一次申请，basic 11k gross 15k 某投资银行,失败
2012来坡，公立Master毕业，政府consulting行业，第二次申请，月薪小于4k，2月末被叫去interview，问了很多生活工作相关问题，以为很有希望，结果被庙拒，略桑心，准备上诉一下,失败
2003年来新，私立本科毕业，EP，薪水后来涨到5200，做人力资源的,失败
1991年，单身，女，来新六年，新加坡私立大学毕业英国文凭 3年本科，第一次工作七八个月申请，三个月被拒，EP 薪水3300.第二次申请又三个月被拒，更新薪水3400.,失败
老婆SC，NUS，薪水3.6k，担保申请！本人无本地学历，有做工，薪水4k！1月22号来信让补过去五年的工作和薪水，2月2日递交！,通过
2015年5月poly毕业，4月参加工作持SP.,通过
08年来新加坡读政府中学 大专毕业 工作一年 月薪$2500,失败
"EP, Basic S$3.7K, 本科国内985, 211, NUS master, 来新2.5年, 工作1.5年, 独生子女, Single, first time app.",失败
"这是第四次自己申请，中间 有一次是老公是主申请人。还有申请过两次long term visit pass 都没下来。08年来新 ，薪水 2500  现在的 SPass 下个月到期 。。。。。公司没有 renew 不知会怎样。。。。。。 20 Mar 2016 发Email 问 ICA, 22 Mar 2016 上网查发现Reject",失败
Poly + SPass+底薪2200+6个月工资单,通过
"PhD	5Y+	 research	$5,500	Approved",通过
09年来新，Poly毕业，六个月工资单申请，pending近十个月，过了,通过
夫妻医生独立申请，北大毕业，申请时工作1年9个月，中途ica建议改为家庭申请，重新填表。通过时 totally worked 2 years and 4 months,通过
女带男夫妻申请，女国内985本科硕士，男985本科，女 ntu RA EP 4年，part time phd在读4年，男来新半年smu master 在读。第3次申请，前两次女单独申请被拒。,失败
馬來西亞人，單身。台灣大學室內設計Diploma畢業，來新工作3年，一開始拿EP。申請第二次才通過。,通过
单身，第一次申请，拿wp 2年，申请2个星期s pass，s pass通过在1月2015年，4月2015年申请pr.薪水$2.0K,通过
"男带女一起申请 来新1年4个月 UK master, 两人薪资均3400",失败
"新生儿,2015 0831 在新加坡出生,1001号父亲递交pr申请,希望好运!",通过
"全家申请, 男7000，国内211本科；女3500，来新工作2年半，求好运。---天天刷,在执行购房合同最后一天得到结果了.可以安心交税了.:(",失败
"phd, s$4500",失败
夫妻女带男申请，女方来新六年多，本地博士学位，现在博后职位，薪水4000+； 男方国内985本硕，13年来新，薪水5500+. Bless all~,通过
我老公是马来西亚PR。PR六年。新加坡义安理工毕业。我们是2015年6月13号注册。7月15号递交PR申请。11月7号就出来结果。pass。本人是中国高中毕业文凭。希望你们也能好运！,通过
EP，之前在新2年离开，此次回新8个月后第一次申请提交资料，估时间太短。,失败
"申请人男, SP holder, 薪资$3000, 2014年7月才来的新加坡然后就开始工作一直到现在, 美国读的本科, 老婆是高中时期在新加坡拿的PR, 工作半年后申请。 01-22 悲剧。",失败
全家申请 第三次 通过  来新5年 男公立full time master 女私立本科 独生子女 带一个两岁的儿子 家庭收入11000,通过
夫妻共同申请，来新5年半。男方NUS PhD毕业5个月申请，工资4000. 女方NTU Master毕业，工作4年。,失败
poly毕业，英国本科、研究生毕业，上班半年后申请,通过
来新加坡10年，在这里政府中学初一开始读，考了O水准，新加坡理工学院SP毕业，现在拿EP，工作10个月，月薪4k左右,通过
EP 申请时在新已工作两年，新水〉2400。Diploma，老婆已是PR。,通过
"2009年1月来新，中国人，私立本科毕业，EP, 4000basic,金融行业，工作半年申请。",失败
来新五年半，POLY毕业。工资2K GROSS 2.3K,通过
"来新13年，一直读政府学校,Rp 毕业先工资2500，加提成3500到4000，工作6个月申请，没有任何介绍信，马上5个月了，希望可以过。.  12月的时候自己主动补交薪水单根公司介绍信",通过
看了很多，也贡献个自己的例子。夫妻EP，SP。女方主申请，来新5年＋ 家庭收入basic 8k+. 各种组合第四次申请了.... 希望能沾点大家的好运。,通过
"马来西亚男，25岁，第3次apply,薪水2.5k",通过
夫妻俩第五次申请，老公是主申请人，国内本科学历，分别2010年8月及11月来新，11年在新结婚，没有小孩，工资5K，EP。  这次reject的特别快，两个月，不知道是不是因为申请次数太多了。申请时间和上次被reject间隔一年以上。,失败
将近五个月批地。NTU本科，工作四个月后申请，补交过3个月的工资单和父母资料。,通过
Student pass 2014年9月來新加坡读书，26岁，明年四月毕业幼师. 今年6月低ROM后老公帮忙申请PR，顺利通过！,通过
"3.2k, 24 years old, Local Poly then Local Uni, Come for 6 years. Male, Single, Malaysian.",通过
"$3600, NTU degree",通过
NAFA diploma 毕业 SP 工作11个月。老板推荐信。工资2200,通过
英国名校本科 毕业后来新工作两年申请 EP gross 5.4k 单身 非独生子女,失败
2年前个人第一次申请7个多月后失败了。 国内一般本科 来新5年多 月薪5000，这次带老婆儿子一起申请，他们都持DP签证 来新2个月，儿子1岁半,失败
NUS PhD 刚毕业。来新5年+ 刚刚查竟然批下来了，刚好5个月。 本来觉得最近PR申请都挺难的，看到批下来挺意外的，所以分享出来祝大家都好运：） 加油加油！,通过
Husband: NUS PHD with 1-year work experience; Wife: NUS master with 3-ear work experience.,通过
Couple: NTU PhD Research Fellow + Bachelor Accoutant,通过
夫妻，女31，国内教育本科，政府学校教师，薪水4000。男34，国内艺术类专科，无本地工作。来新加坡3年。。。 。。。,失败
"2009年来新加坡读书，BCAA，Diploma毕业，现在是s pass holder, 工作两年，希望可以通过，工资$2600,感觉最近希望不是很大，申请不上打算明年回国了。 被拒了，哎，注定要回国了。现在真的太难了。",失败
女生北京Top 2文科类大学本科，NTU硕士毕业后留新工作，共五年，26岁。老公北京重点本科，澳洲名校硕士，2011年毕业后来新工作，金融类，28岁。5月底申请，两个月后收到补交父母材料通知，之后9月底通过。共历时四个多月。,通过
25岁， SP大专+NTU本科毕业，工作半年后申请，月薪gross 3200，五个半月时被召唤补父母工作信息，一共等待整七个月终于批准。感觉是受大选影响了，然后公司太小（10个人），整个进度比较慢。大家耐心等候，该来的总会来的。,通过
申请时EP一年， 4.2K ，香港本科,失败
"七年来新,国内硕士,固定薪水5500新币, 申请第四次悲剧",失败
"10年来新，NTU Master, 制造业 Engineer, monthly basic pay $4K+，独立申请。  昨天星期六查还是Pending, 今天下午刚刚查到Rejected了，Sigh...",失败
马来西亚人 和老婆(中国人），孩子一起申请  来新８年　Wp６年　Spass1年　Epass１年$4200 ITE 学历   等待９个月终于批了，辛运，感谢主,通过
国内本科，NTU硕士，来新两年，单身男， engineer，工作半年申请，试试看！,失败
"来新10年，政府中学-->Poly, 工作半年申请，老板推荐信，政府部门, SPass",通过
"女,  单身，来新国三年。 EP holder.  IT   学历是澳洲  Bachelor Degree",通过
来新8年，12年SIM专业毕业，14年SIM本科毕业.工作1年，薪水3500+  求好运。,失败
单身。30+岁。PhD（国外的）。EP，月薪15k。每年SRS交足。来新2年多一点的时候提交的申请。没有employer的sponsorship。 申请的时候说4-6个月出结果，实际用了5个月。,通过
本地私立的Degree 来新8年多 工做4年。去年11月份结婚 老公是本地人。今年三月担保申请PR. 7月中收到ICA的信函关于补充家庭成员信息。,通过
"老公pr两年多，来新近10年，28岁，老婆来新2年，26岁 老公mdis本科，老婆sim的diploma for graduates＋国内普通本科 老公basic 6000, gross 6600, 大公司，互联网行业，老婆basic 3000, gross 3500，小公司，石油行业 2013年11月新加坡注册结婚",通过
ITE两年 - NYP三年 - 工作11个月，Spass薪水$2500,通过
Poly. $2600. 申请的时候工作7个月，（公司不给签字）。7月中收到ICA信件要求补交父母资料。今天中午查已通过。,通过
夫妻-男主  男：31，来新加坡7年了，EP，建筑行业，底薪6000.00（还有些commission，加起来差不多7500.00），国内本科学历-非独生子女  女：28，来新加坡6年了，ep，金融业，薪水4300.00， 英国本科学历-独生子女,通过
"主申请人， 男， 29岁，北欧本科，硕士，来新3年+, EP, IT Engineer, 薪水4500, 带老婆和孩子一起， 老婆， 30岁， 北欧本科， 华语中心老师，薪水2000, DP，宝宝， 20个月。 第二次申请，去年2月第一次申请，一回国就被拒了。祝大家好运 :)",失败
"马来西亚人，持S-Pass 3年 (2012-2014)，澳洲大学Degree, 月入新2500， 2013和2014有缴税，第一次申请",通过
WP TWO YEARS S PASS FOUR YEARS (WORK IN SAME LOCAL COMPANY FOR SIX YEARS) SINGLE FEMALE MALAYSIAN WITH CHINA UNI BACHELOR DEGREE EVERY YEAR PAY INCOME TAX ON TIME. 得失心不要太重，是你的就是你的。,通过
"13年 poly 毕业 ，14年 澳洲八大本科 交了TG ，工作1个月提交申请，EP 3.3k ,无工资单 ，第一次申请	 后来补交两次工资单一共交了5个月的工资单，期间换了工作SP,又换地址",通过
老公sc本人ep薪水$4000申请时来新3年不到 26岁 国内211大学毕业 15年5月19补交了材料 不知道结果如何 害怕 紧张,通过
"NAFA Diploma毕业 工作半年申请 没有公司表格 自己申请,终于批了历经8个多月",通过
09年POLY毕业，回国4年。13年中回新，14年4月开始做admin，S PASS。工资2300+,通过
"女，国内211本科，上海工作3年多，来新工作3年多，一直在同一家公司，出版行业s pass,薪水2250.老公公民。第一次来新一年多以自己名义申请一个月内被拒绝， 14年12月ROM注册结婚，15年3月老公担保申请，通过。大家努力好运！",通过
"2010來新, PhD(US), yearly Salary+bonus $170,000++, P1 pass. 研究工作",通过
"sp 2200,第一份工作两个月跳槽 第二份工作一个半月申请，老板推荐信，历时八个月差两天",通过
在新三年半，已婚，EP holder，Diploma，没推荐信，第一次申请。。。。。 薪水2000+250,通过
"EP, 年薪 >250K, 2015年三月工作至今",通过
"EP, 年薪 >250K, 2015年三月工作至今",通过
POLY神器 少于三个月通过,通过
POLY神器 少于三个月通过,通过
老公马国公民，新加坡PR5年多，薪水6000+，新加坡工作7年，世界500强公司；老婆，第三国家大学文凭；新加坡工作6年；WP，底薪2000。。正好半年通过。最近好像放松了。大家加油。。。,通过
老公pr6年 poly毕业 电子工程师月收入3000 担保老婆dpr， 老婆国内大学本科，新加坡一年制私立硕士，工作3个月申请，补习中心华文教师月薪1800。结婚半年,通过
08年底来新，私立O Level一年+Poly三年，工作一年半（1年WP+半年SP），SP第六个月时申请,通过
2013年7月申请，工资不固定，ep。  2014年8月老婆生孩子，10-10重新排队申请。 2015-5-21通过。 老公EP，公立大学毕业，工资3k，老婆SP，工资4k，,通过
EP，来新2年半申请，两家公司信，工资4K Basic，没报奖金，国内211本科，非独生子女，单身。应该是会被秒拒，不过闲着没事干就申请了。,失败
说好要和大家分享的。条件是夫妻双职工，大学本科毕业，两个孩子， 非独生，家庭总收入超一万，申请时主申请人来新四年半，第三次申请。通过。,通过
说好要和大家分享的。条件是夫妻双职工，大学本科毕业，两个孩子， 非独生，家庭总收入超一万，申请时主申请人来新四年半，第三次申请。通过。,通过
2014年4月第二次申请，EP女+Student Pass（PR pending期间换成SP）男,通过
夫妻申请，女主申，NTU Ph.D，14年毕业，工作6个月时申请，申请时月薪5000+，加薪后写邮件更新了信息。男国内小本，申请时在新加坡做老师。6个月等待时间不短也不算长！希望所有申请的人都能有好消息！,通过
女，23，本地公立本科毕业，来新5年，工作6个月申请，EP，小公司，basic不到4k,通过
"S PASS ,毕业BCA 学院 ，基本工资3700 来新近五年。第一次申请失败，第二次二月刚被拒。",失败
单身 NTU MSC 11毕业，薪水4000左右，SP. 希望通过,失败
"30 years old, degree from 985 211, msc from NTU, R&D; Engineer in German company, S Pass, basic 3600, 3 years working exp in SG",失败
2008年9月来新，2014年POLY毕业，历时3个月10天。SP，薪水2200，工作五个月申请。没有交税单，没有老板推荐信，没有补交任何材料。,通过
"男方公民，女方来新2年半，14年2月申请6月被拒，当时女方没工作，depend男方申请的。6月拿LTVP，找到工作，月薪1800，11月去重新申请，ICA Officer建议appeal, 于是写了信和推荐信，12月份上交，15年4月批。",通过
以前被拒一次，NUS Master， 985本科毕业， 来新工作3年，EP月薪3000， 单身,失败
2007年3月来新，2014年SMU毕业，历时2个月20天。EP，薪水3500，工作3个月申请。没有交税单，没有老板推荐信，没有补交任何材料。,通过
来新一年半家庭申请，三个月通过。女方主申请人，27岁，薪水10k+，国内本科，part time在读公立master。男方29岁，薪水4k+，国内本科，full time 公立master刚毕业，公司都是500强。,通过
"丈夫EP 3年, 小妹 LOC 文職，家庭總月入6300。 2013年尾第一次申請拒絕 204年12月再申請，仍然失敗。",失败
POLY+工作S$2080.00+S PASS,通过
"本地poly毕业,工作7个月,月薪$2200, 在政府医院做工.",通过
虽然我是拿work permit薪水1300到1400左右，但是因为时间表经常调换的关系。我想要提升多点技能。。希望能拿到pr之后能找份稳定的工作继续深造。。,失败
虽然我是拿work permit薪水1300到1400左右，但是因为时间表经常调换的关系。我想要提升多点技能。。希望能拿到pr之后能找份稳定的工作继续深造。。,失败
女，来新四年，SP，金融，2200+，国内本科，已婚，29岁,通过
"单身女，独生子女，SMU master, 来新两年半，在新工作一年，月薪3.3K，公司/教授推荐信，自荐信。不出意外地被拒了。。",失败
"工资S$6000, NUS Master, 27岁，单身， 国内top 10 本科，工作三年， IT，杯具，正在查询怎么申诉",失败
夫妻一起申请，男主，男27：1年master+4年工作共5年。工资4K + ，女26：poly+私立本科，在新7年，工资4k，申请时both EP. 结婚3年，感觉夫妻一起申请成功几率会大。	祝大家好运！,通过
TP 女生 21岁 SP 独身子女 申请5个月批准,通过
SM1，04-05中三中四-olevel，06-07JC-alevel，09-13年5月NTU毕业，14年3月开始工作，EP工资2200,通过
护士，24岁，单身，在新加坡工作一年7个月，底薪2400，月薪大概2900-3000,通过
"来新三年半. Poly毕业, 日资物流公司, SP, 独生子, 单身,",通过
家庭共同申请，男方主，国内211本科，来新工作四年。女方国内本科，全职照顾三岁儿子，来新一年半。申请五个月被拒，再appeal，期间补交了升职信和加薪后的工资单，半年后终于批准了，希望各位还在努力的朋友不要放弃。,通过
"poly毕业, aus degree. S pass, Salary2200+， 工作6个月申请 				 				8个月，终于等到",通过
国内Top 2 ，NUS master，工作三年，$6000＋	，IT,失败
国内本科，来新两年半，EP，薪水4500，公司推荐信,失败
SM3 basic 2900 涨薪 3000更新 工作四个月申请，历时半年批准 制造业,通过
国内文科985本科、硕士，女，申请时未婚，来新刚好四年，月薪basic 2000多，总共3500+。4年间有一段时间不在新加坡，在申请时有注明原因，今天查看网上进程，竟然approved了。历时5个月多一点儿。希望大家都能如愿！,通过
来新3年，工程师，EP，月薪3500，学士毕业。第一次于2013年三月申请，失败。第二次于2014年四月，等了九个月才收到通知,通过
"来新5年，NTU本科，MOE奖学金，工作三个月申请，EP, 工资3300",通过
"女，RP毕业,22，上班6个月时申请，昨天查通过",通过
"国内211本科工程类 ；24岁；  来新3年 ； Project Engineer, Oil/Gas ； Basic S$ 2,910 , Monthly S$3,500 ； 第二次申请， 第一次一年半之前 （Basic S$2，010 ）。  God's Glory Bless Me !",失败
"男, 来新五年半, NAFA 3+1 Degree, EP, S$3600.",通过
IT engineer，国内211 master， 工作五年后来新加坡。两年半后夫妻申请。薪水8000+,通过
"manager , 8000 + ,single, 2 years when PR applied",通过
"NAFA DIPLOMA, 工作一年半, 工资1900. 	等了半年 终于批了。。。",通过
国内本，NTU 硕，工作4年，4.8K ，前3次申请均失败,通过
4 year in SG,通过
"Ngee Ann poly, 工作1年+, basic$2200,S Pass, 单身",通过
O Level + ITE + Poly + S Pass 工作一年 老板推荐信,通过
Poly毕业，Spass，  月薪2300，女生。,通过
"Poly13年毕业, 申请半年批了, 周围的同学也都得了. 工资2500但basic才2000",通过
国内本二，来新5年半，E pass， basic5000＋,失败
NTU master 来新两年，工作一年多，薪水刚到3500，碰碰运气了,失败
"政府中学+Poly,diploma,S Pass，工资2000+. 来新7年。工作8个月申请，审批了快9个月，通过，自己申请的。	和姐姐一起申请，她的没到6个月通过了，我最后是等了9个月，实在受不了了，发邮件问，过几天就下来了。。。要是不问的话不知道何年月。",通过
国内211本科毕业 31岁 公司持有人-股东之一 薪水6K (BASIC) 第二次申请  打算上诉,失败
lg是新加坡PR，新加坡本地私立大专学历，月薪8000+.我跟孩子拿DP申请，6月10号收到补充材料的信。lg来新超过10年，我5年多。10月14号终于批了。,通过
"EP Q1 pass, $4000, IT行业。国内重点本科，NUS part-time硕士。来新3年。工作2年。配偶NTU在读博士。第二次申请被拒。 独生子女。听小道消息说，ICA不喜欢独生子女，因为容易把父母带过来。所以列了这个信息。建议大家也附上以供后人参考",失败
O水准后Poly毕业，工资2300，SP，来新加坡快6年,通过
本地Poly毕业9个月交申请，工作8个月。月薪2000，销售工作。 历时7个月零3个礼拜,通过
"big 4 auditor, 来新9年, SM1, basic pay 2850, Employment pass,本地初中，本地jc，NTU本科",通过
来新2年多，老公今年1月拿到的PR。第一次申请失败，第二次申请，5个月通过,通过
"NAFA DIPLOMA, S PASS, 工作1年5个月，月薪： 2100－2300",通过
"NUS PhD, 公司工作刚满6个月申请，未婚，来新6年+",通过
女，工作5个月申请。来新6年。O LEVEL到POLY。S PASS。,通过
poly女，护士，工作5个月申请，1月提交8月最后一天批准。历时7个多月。,通过
"来新五年，NUS的PhD, 现在NUS的research fellow，EP，工资4000，老婆来新四年，sp，工资3000+。",通过
理工毕业 银行工作 薪水2050 来新5年多,通过
"NUS 2013年毕业, SM3 2008年底来新,一等荣誉学位,a*star工作, S$3650, 4个月通过",通过
SM1，来新近12年。O level + A level + NUS本硕连读。工作一年，底薪$3500,通过
个人申请。本地PHD，在新加坡一个研究所工作，做scientist，在新加坡生活4年半。历时一年，通过。中间交了家庭材料。,通过
"2011年7月来新，国大Master。2012年底毕业开始工作, 申请时工作一年, 行业：offshore engineering，薪水：$3300，前几天刚刚更新薪水到3700就批了。自己是主申请人，有提交老婆PR的资料。祝大家好运。",通过
"2005年获得过PR, 2008放弃回国。  2010年再来新加坡工作，2011年申请但没有通过。 今年（2014年）3月再次申请，8月刚通过。  这次申请通过的情况如下： 职位：Project Manager, 薪水：$3300, 学历：NAFA Diploma.  公司老板推荐信。",通过
"一家三口一起申请。申请时的情况：老公国内硕士，来新4年，收入3.5k+, EP，主申请人；老婆国内本科，来新3年，收入3K+, WP；儿子2012年11月康生出生，DP，一直在新。12年六七月曾申请一次，四个月被拒。这次pending 11个月+，通过。",通过
工资2800，中学来坡9年，ntu本科毕业,通过
EP， 来新2年， $4500，IT 高级工程师，已婚，一个女儿，被拒，是回国的，到家第一天上ica一查，就被拒了，不知道是不是跟离境有关系〜〜准备明年2月再以一家三口申请， 加油〜,失败
"政府中学+Poly,diploma,S Pass，工资2000+. 来新7年。工作8个月申请，审批了6个月，通过，自己申请的。",通过
Diploma SPass(8 個月) 來新2年半 第一次申請  Salary : S$2500.00,通过
夫妻一起申请。主申请人牛津Master 来新两年，月薪10000+  副申请人中国Degree 来新一年半 月薪2400,通过
英国本科＋硕士毕业，来新3年，Epass，月薪3300。先生SC，结婚半年，sponsor，月薪4300.,通过
"P2 pass,来新3年半,2011年技术类申请，拒绝DPR申请被拒。今年2月重新申请，通过。国内重点大学本科，年薪65000",通过
政府中學-ITE-NYP-SPass(8 個月) 	來新10年 第一次申請,通过
国内211+985本科，NTU Master，电子类， 工作三年，年薪65000。老婆是PR，但是我申请不是通过家属类，而是技术类。申请半年多时政府发邀请信，建议换成家属类，但是由于政府声明需要注册兵役，觉得不太好所以回信拒绝了，继续等技术类。最后还是批准了。,通过
nus phd毕业，现在nus RA。工作三个月的时候申请的，两个月的时候让补材料。七个月批了。,通过
国内本科，申请时来新3年零8个月，part-time NUS 工科硕士，EP月薪3800，硕士毕业已满一年,失败
"E pass,来新8年！工作2012年3月正式工作！薪水5000.新加坡本科学历！失败一次。单身。",失败
26，男，已婚，大学文凭，来新工作2.5年，薪水超过4千，无需公司support letter，与老婆一起通过，老婆没有在新加坡工作的经验。,通过
"已经等了好久，决定来登记一下，希望早点得到结果。老公是主申请人，NTU Ph.D degree, 毕业后公司工作EP，4500+ 。我是拿DP 工作，国内985master毕业教育专业，3500。有个男宝宝。我们来坡已经有5年多，以各种组合申请PR3次，appeal两次……如果这次再失败，我真是就无语了",通过
第五次Family Application。 老婆MOE华文老师，重点师范大学毕业，来新6年，monthly gross salary 2800+。本人一路以来985院校混，经济学博士，国内有过银行和财政部的实习经验，助教职称，来新4年，主申请人，月薪4600。,通过
主申请人phd，附属申请人国内master，来坡约四年,通过
O LEVEL temasek poly毕业 工作6个月申请 起薪2000 现在2200 08年来新 6个月后通过,通过
来新加坡 3年，夫妻，国内本科，英国硕士，工资分别3000多，NTU,失败
"Fresh Graduate，2006年来新，政府中学N水准+O水准，2013年义安理工毕业，某本地房企公司工作6个月后申请，非独生子，Basic Salary $2000, Gross $3200.",通过
"老公SC，薪水basic5000,楼主SP$2200",通过
Apr 13 Poly毕业工作，Sep 13申请， May 14 批。 工资2000无涨薪水。,通过
本地POLY毕业工作一年，在新4年，女。,通过
"S Pass holder,salary$2800,来新6年，一直在同一公司。老公(SC) sponsor",通过
"女，大专学历，来新6年，一直SP, 薪水2500， 老公local, poly毕业，他近10年无CPF紧因为自雇人士，他年收入5万多，我俩于13年5月27日结婚注册，8月28日交材料，14年5月5日查到批准，供参考。",通过
政府中学---NYP---Spass($2000) 独生子女,通过
"来新工作2年多，国内一本，P1, 30+女单独申请(第一次)",通过
Spouse sponsored by husband (SC). ROM last Aug and applied for PR in Oct. Total waiting time was 6 months. All the best to those who have applied!,通过
10年poly毕业，12年澳洲本科回新，底薪3000，终于等到结果啦,通过
"NTU, SM3, Student Pass 转 PR, 但是现在貌似不可以了",通过
"国内重点本科毕业，985,211.25岁，来新工作两年多，EP, basic 3800. 带老婆一起申请，澳洲读书，硕士毕业，在新工作一年多，SP，gross salary 4500+ 选在了她生日的这天递交材料，期待好运。 等到五个月时候悲剧了，下半年再战。",失败
"Degree and Diploma , 来新7年了",通过
"国内大学本科毕业， 来新1年8个月， SPass，月薪2000。 老公，sponsor, SC，月薪3700。  去年6月注册结婚注册，8月申请的。",通过
O level + poly + 5-year stayed in SG,通过
我带老婆一起申请，同为生物土博，本人申请时来新3年2月，老婆来新1年4月，两人工资basic都是4600+，,通过
夫妻一起申请，男主。 等待了5个半月， 等待期间补过一次家庭成员信息，主动补过税单。在补材料的过程中，从来没有追问过审批情况，个人觉得问负责补材料的人除了显得你心急，其他没什么用处，不如耐心等待，该来的总会来~ 你这个不如不拿出来晒，屁用没有，SB,失败
政府理工毕业，因为个人原因，申请两次失败，这是第三次，成功通过,通过
是独立也是第一次申请，申请时EP三年，国内211毕业，Basic $3700...,失败
老公新加坡人，申请时已经结婚2年了，没有小孩。我自己是拿SPASS上班，底薪2280，老公薪水3000这样。今年初老公加薪了，然后有给ICA补充材料说加薪了。昨天早上查，通过,通过
"Poly, 2013年毕业， 拿4个月工资申请，5个月后，PR approved。",通过
"NUS B.ENG.(Hons), MSc, 26yo, M, Single, 来新7年半，刚开始工作6个月，EP，3400/mth 8月30日收信要求补交材料（家庭工作信息），9月7日补交。	15 Feb Approved!",通过
国内本科。2011年来新加坡， 国大master毕业，正在读国大part time phd，full time research engineer。申请时在国大工作1个月，在之前的公司工作了7个月。月薪S$3000。单身。,失败
"Fresh grad, 80k annual pay, B.E. in China, PhD in NTU, 4yrs in NTU and 3 months work exp when I applied for PR.  Apply for PR with my wife, she was EP Q1 holder 50k+ annual, 3yrs+ in SG. We finished ROM one day before our application of PR.",通过
主申请人海外工科硕士，在新工作1年后申请，EP holder，Basic Salary S$4200，已婚，妻子国内文科硕士，DP Holder，月薪S$1800。三个半月收到通知。失败。,失败
poly，四大就职，SP holder ，basic 1800+,通过
来新6年，2012年POLY毕业，有O level证书。basic 3800＋，EP holder,通过
EP 年底4年薪水+4500			  悲剧again,失败
24岁 来新2年半 Malaysia diploma 毕业 工作4个月半 e pass salary 2600,通过
"12年poly 毕业，女，SP,工作8个月申请，月薪$2200,独立申请，有公司推荐信",通过
"Poly毕业, S-pass, 工作7个月后申请",通过
全家申请。老公EP1 申请时来新半年。老婆4500刀每月 申请时来新4个月。外加一男孩。夫妻硕士学历。,通过
"2 years in singapore. salaried 9k. wife dp, china master. + 2kids girl to apply",失败
国内硕士，国内工作两年，来新三年，底薪 3700+，SP. 杯具了，三个月零6天被拒。,失败
国内985大学工科学士，12年10月来新，LVTP11月底拿到，然后买了2手房，现在无工作，老公SC（新公民，2012年8月8日通过），申请时结婚10个月。,通过
"来新4年整EP, 工资4000元, 补交材料, 杯具",失败
主申请人：国内本科，NUS part-time 计算机硕士，在新加坡呆两年，工作1年。程序员，gross=basic=$3200。老婆：国内本科，NTU文科在读硕士，结婚半年多。申请一个半月后被拒,失败
NUS本科，SM3，EP，3000-3500,通过
"EP, 國外PHD， 第一次申請，來新7個月半，薪水4800",通过
在新加坡3年半，薪水3500,通过
国内重点本科，工作4年（换了专业），申请的时候EP，2600basic，两个月就被拒了。。。。 现在别说这个，EP renewal 也被拒了，被降级到S-Pass了，巨汗,失败
老公新公民，老婆国内大专，无工作，LTVP，结婚2年，1年税单，祝好运！一定会成功的！！！,通过
夫妻，国内硕士，来新工作四年，EP+DP，主申请人basic3800，年收入60K,通过
POLY毕业， 自己拒绝2010年的邀请信。 因为当兵（2009年的政策） 后来工作， 升职 2800,通过
"2011/3 到新加坡 ,P2, Basic salary 6900+, 老婆 DP, basic salary 3500, 儿子 三岁",失败
来新4.5年，SP，国内大专，男， 30岁，程序员，再次悲剧。,失败
"單身, 來新7年8個月, poly畢業, 持S pass 工作1年, salary $1.8k",通过
"basic salary: $3000+, 申请时来新4年4个月，工作半年。本地私立大学degree毕业。4月中旬通过",通过
Male Sponsor: SG Local Uni Grad Salary:3K wife applicant: CN Uni Grad working in SG for 2 years + Salary: 4.5K Married=)	. Waiting time: 5 Months,通过
"来新8年,新加坡私立大专,上学3年,工作近5年,spass,薪资2000,女, 未婚",失败
"女主申请人,25岁公民，有个女儿也是公民,有个薪水3000,职位:采购。男31岁,来新8年6个月,私立大专,同一个公司，职位:coordinator,固定薪水3600,两年的税单,",通过
BE in China，NTU PhD， EP2， Married with Chinese PR,通过
"NUS SM3, EP basic salary S$2800",通过
"国内一本，在新工作两年，原EP, $1800; 现公司工作一年，SP，$2000，单身女",失败
国内本科，来新三年。EP P2，单身，男。11月申请，第一次申请。	五个月,通过
新加坡亚太本科学历，27未满，来新5年，工作2年多，月薪2500，S pass,失败
"本人国大本科，PR 2年后2012年转公民, 工资6K+。 帮老婆申请居民，老婆硕士毕业在香港工作，薪水S$2k+，往来新加坡多次但未长居。 5个月通过",通过
"男方（主申请人）：EP , 来新14+年，国大PHD，29岁，工资3800+，工作一年半，有公司推荐信。 女方（附属申请人）：DP , 来新3年，国内本科，30岁，目前没有工作。之前拿sp工作过一年半，工资1800。",通过
12年poly毕业，SP，工作4个月提交申请。,通过
25岁单身男，NUS本科毕业，來新7年，EP三个月时申请，月薪3500。10月13日	补交家庭成员材料。	20130301收到批准信,通过
"国内重点大学Master, 来新两年，EP, 7000+ 每月，独自申请",通过
"Nov 2009 came to SG, EP holder.",通过
poly毕业，月薪2100，SP,通过
夫妻一起申请，两人工资都是接近3500，国内重点本科，NUS研究型硕士。25岁，08年7月来新，工作快两年了，有一年税单。,通过
国内硕，EP 2年11个月，薪水5000+，离异不带小孩,失败
"女, Q1, Accountant, $3300; 30, 来新5年2个月; 国内普通一本; ACCA, CPA Singapore",通过
帮我太太申请，本人 03 年底来坡，NTU 本科，PR 4 年，目前薪水 3000+，太太 12 年 2 月底来，12 年 6 月中申请 DPR，10 月通过。,通过
老公nus硕士，pr三年，来坡10年，salary3800，我还没找工作，国内top20本科，有两个国内的高级证书，刚好四个月就批了。放假前一天。很是开心，祝大家好运。我要好好找工作啦~,通过
美国博士学历，申请时来新加坡一年。老公还在美国读书。一起通过。,通过
"来新加坡7年，从私立考O水准，进入新加坡理工，2011年毕业，工作，拿EP，薪水1800，做了7个多月后辞职，之后进去新公司，现在薪水2800，EP, 申请时在新公司工作4个月。",通过
"国内技校毕业，新加坡工作35年，S PASS,BASIC:1850",失败
女 国内本科 来新三年 P2 独立申请 10.18补交材料 1.18收到批准信,通过
女 在新6年 国内本 ntu phd 在读明年毕业 讲师5000+ 工作一年,通过
"EP1 holder, single lady, stayed in SG for 2.5 years, 1st timer",通过
NTU本科，Apple工作，申请的时候月薪3000+，结婚已经一年多，老公DP2月底过来，一直在找工作中，5月底就申请。8月份补交家庭材料以及老公以前国内工作证明，以及一封信证明老公在积极找工作。10月初我的工资提升3500+，老公找到一份简单服务业工作100+，最后居然在年底通过。通过的时候我在新7年，老公来不到1年。本来以为这样的条件很难申请上的。太幸运了！,通过
"来新1年多，EP-Q1, 美国本科+双硕士，Basic salary $3600. marketing行业，单身女。",失败
NTU硕，在校一年，工作一年，薪水4000+，appeal失败。,失败
我理工学院毕业的，现在拿LT Pass。8个月的女儿在中国。老公拿到PR一年半多，在新加坡待了快6年了。结婚也快一年了。我老公帮我跟我6个月的女儿一起申请。,失败
来新三年，5000+， NUS硕,通过
"女，未婚，30. 国内211学校商科本科，ntu商科硕士，至明年3月份来新4年。一年读书三年工作，月薪3500,年收入70k＋，2011年2月，2012年4月分分别申请过两次，appeal两次，均悲剧，感觉是不是单身女性的原因。",失败
"我老公来新加坡8年，现在拿SP ，大专学历，薪水 4200。我拿家属准证刚来正在申请工作准证，他带我和我儿子一起申请的，儿子八个月，我以前也在新加坡做过4年工拿SP ,以前薪水是 2550.学历是大本",失败
"NTU Master,在新加坡2年,一年读书一年工作。",失败
八月底申的，前两天杯具。我们的条件是夫妻双方国内top5 phd，目前在nusntu博后，工资4500，来新两年半。,失败
"老公顶尖IT公司，薪水8.6k, 国内985名校双硕士，儿子在新出生，夫妻来新1年10个月，我本地公司工作EP，薪水2.3k 申请PR2个月悲剧，appeal又是2个月悲剧。是否我们条件差太多所以每次都是速度悲剧？元方你怎么看？",失败
"男,单身,国内本科,工作3年后来新,现在刚好来新3年.薪水刚够p2. 第二次申请. 非等我满了3年才发也真是...",通过
单身男，来新8年半，本地Polytechnic毕业，NUS Part time 在读，石油行业机械设计工作，薪水3300+，EP准证。,通过
"女，单身， SMU毕业， 来新5年。EPQ1 工作10个月申请，底薪3,300, GROSS 4,500. 10月4号批准。",通过
本人29 单身男 俄罗斯国立本科 来新4年 SP 月薪3000+Senior software Engineer这是第三次申请PR pending的同志们加油。,通过
"主申请人P2，3年半5000＋ 附申请人Q1,3年3000＋ 12月底补材料， 3月批准",通过
老公申请，老婆depend在美国，6个月等待，两人一起下来！万幸,通过
32岁女， 来新3年半，英国双硕士，美资新加坡分公司，单独申请。 申请材料递交后刚满三个月获批准。最近似乎是松动了些，大家加油！,通过
hi，广大朋友们，我5月30号交资料，8月30号批准，准准三个月... 感觉最近的情形有所松动，要抓紧努力啊，时不我待...ep，薪水4000，来新5年 祝大家早日成功!,通过
国内重点本，nus硕，nus工作两年（RA），工业界工作一年，薪水4k，IT类民工行业，主申请人，老婆国内重点本，nus硕，医院工作，dpr申请人。,通过
"男，6月14日第二次申请PR,8月31日批准！ 来新7年，2009年持SP至今。新加坡高级大专，现物流部门经理。工资3000。",通过
本人主申请人：2008年3月来新，P2，基本工资：6500，国内Top5 Master。 老婆：2008年3月来新，SP，基本工资：2100，国内Top10本科。 小孩2岁半在国内。  09年申请过一次，被拒，当时工资很低，加之来新时间短，被拒在情理之中。这次是第二次申请。  祝愿大家还在申请的好运！,通过
一家三口申请。老公是主申请人。 老公：来新4年多，P2，月薪6500 老婆：来新4年多，SP，月薪2000 小孩：2岁半，在中国。  8月29号拿到信，历时3个月。,通过
"老公是SM1,在新10年,去年国大毕业 EP P2. 今年2月申请ROM,3月申请的PR。 我拿DP+LOC在工作。  3月26申请，8月28approve.  Good luck to all~~~",通过
夫妻二人共同申请，男来新五年，本地PhD在读，最后一年转part-time拿EP半年后申请，申请时PhD尚未毕业工资仅2900；女拿Student pass来新三年本科在读无收入。这样的家庭收入算是非常低水平了，本以为需要拿到PhD学位工资涨到4500才有可能批下来，结果李显龙国庆讲话之后就批了——批准我的officer真是一个胆大的人呀。PS:虽然工资较低，但所做工作属于本地看重的尖端科技，看来政府还会关照自己需要的人才的。,通过
单身女，本地大学本科毕业，工作9个月，管理咨询。薪水6000+，有雇主的推荐信。,通过
我本人2011年10月底来新加坡注册结婚，我本人国内普通本科，结婚后拿的是一年的LTVSP，本人没有做工。老公是公民，刚工作一年多，工资不高， 结婚后不到六个月去申请，4月14日申请，8月10日网上approved.刚才拿到信。 开心~,通过
PR 今天终于批准了。熬了5个半月。条件分享  老婆是主申请人。 在新7年。 老公在新4年。 家庭收入超过9K  老公老婆都是新加坡本地毕业。老婆本科，老公硕士。  第一次申请PR   高兴中。。。。,通过
登岛有5-6年了，simm毕业的，工作有3年了，工资1800（我知道不多，大一点的公司都他妈这笔样，不想着大公司，稳定么）。我老婆是PR，她给我申请的。,失败
老公马来西亚公民 英国master毕业 之前EP2 老婆 中国公民 英国master毕业 待业,通过
本地phd，单身女，p2准证，工作半年。,通过
EP 月薪3000，来新两年，国内本科，求好运。,失败
今天看到的。在新加坡小学，中学，Poly毕业，现在在本地银行工作。工资2K+来新加坡11年,通过
"7个月的等待后今天被据了. 前几天还觉得办事效率太慢,现在被据了,总算是有了个结果. 可能条件太差了. PR 4年，大专，2000底薪+1800~2000 加班费和补贴。 每月大概4000元，给大家个参考。",失败
我本人2011年10月底来新加坡注册结婚，我本人国内普通本科，结婚后拿的是一年的LTVSP，本人没有做工。老公是公民，刚工作一年多，工资不高， 结婚后不到六个月去申请，4月14日申请，8月10日网上approved.刚才拿到信。,通过
老公帮我申请，我來新三個多月，高中畢業，一月註冊，老公新加坡人，收入7k多。,通过
老公PR4年，basic salary4500，gross5800，老公SC申请中。我是国内本科，acca，没有工作，结婚3年半，没有孩子，来新5年，中间回国2年，,通过
老公来这边六年，NP diploma 三年，毕业薪水1700等了36天拿到PR，之后工作三年，薪水去年gross 3000，我们2010年这边注册，之后我在这边工作一年多，薪水gross 1500，去年申请四个月给批了，我也惊讶！	 偶然看到这里，很感叹看不懂，这里一大堆能人啊，批了没批没个标准，政府的心思猜不懂啊，个人觉得本地读书拿的文凭比较有优势啊。 祝各位同胞顺利！,通过
"DPR，老公是大马人，结婚注册不到两个月后递交PR申请，5月初收到补充父母材料的申请，因为刚好怀孕，就一并上交了怀孕证明并附上一封自己写的申请信。 本人来新4年+，Msc Degree，薪水3.5k+,老公薪水3k+，之前自己单独申请两次都被拒，这次刚好三个月！",通过
"DPR，2月17号申请，2月28补资料，之后一直pending, 7月13号更新资料（提升），今天7月26号早上网上状态变成approved, 下楼查信发现已收到，应该是昨天25号收到的信，信上说是23号approved.  男，国内重点大学本科+研究生毕业（2010），国企工作一年辞职，11年10月来新，11月底工作，EP，码农，薪水3000。12年6月涨薪到3500。 老婆：03年SM3到NUS读书，08年毕业，当年拿到PR，12年7月份拿到NUS的Parttime Master学位，basic薪水目前4000+。",通过
单身男，来新将近两年，在这里读了一年master，基本工资3000+，EP， 希望很小，但是还是想试试,失败
一家三口申请，来新一年多，都是硕士，EP P2。老公是主申请人，月薪8000，我月薪6000，女儿在新出生，6个月。,失败
"2008年11月来新加坡，从事IT工作，月薪4000+, 未婚，一个人申请。祝大家好运！",通过
单身男，SMU，来新5年多。EP工作8个月。自己申请。工资3000. 焦急等了4个月，终于批了，看来本地大学的优势还是在的。,通过
"老公帮我申请，他来新10年，08年拿pr，工资一般，basic 不太到4000, 本地私立学历。我本人国内本科，香港硕士，现在博士在读，拿普通的政府奖学金，来新3年。",通过
SPASS 工作准证不到两年，薪水现在是1900 。以前是WP 准证，同时在读ACCA ，现在第二阶段完成了，国内是大专文凭。第一次申请，结果是悲剧。哎，只能是再努力提升自己了。,失败
"供参考。 国内985本科，硕士。新加坡在职硕士（这个月毕业）。 EP Q1三年半。engineer, basic 3500, gross 3900. 四月底申请，六个星期就被拒了。  在考虑拿到毕业证再申请或者等几个月满四年（但好像看到有人四年renew EP被拒）再申请。",失败
"3月13号提交的申请，中间自己主动补充过今年的税单和人寿保险资料，今天收到信，信是4号发出来的。 分享一下条件：欧洲小硕，工作现在三年整。p2，薪水4000+，已婚，老婆是本地parttime博士，还没毕业。sp,薪水3000+ 终于等到了。",通过
我25岁，女生，单身。2001年底来新加坡读中学，然后新加坡理工，2010年毕业，去年在本地银行工作拿EP-Q1了2个多月，辞职，3个月后，2011年底又找个工作EP-Q1工作4个月，4月17日第1次申请。就这样,通过
"条件如下： 07年毕业就来新，国内211,985重点本科，到今天4年零9个月，之前四年Q1准证，交材料时P2准证，薪水4500，和老婆一起申请，老婆来新两年半，S准证，国内大专，交材料时怀孕，交完材料一个月辞职回去休养去了。  等宝宝生下来准备再申请一次，再不成功的话，就准备回国了",失败
才两个多月就批准了，条件和大家分享下： 2011年poly毕业，工作4个月申请的，薪水低低低到不行，EP准证，申请一个月的时候收到信让补交过材料。2个半月批准。 我的底薪不到2000，因为申请的时候还是试用期，又经常请假，有几个月的月薪都被扣到1000块左右。没想到这么快就批了,通过
"和孩子（1月新加坡出生,日本护照）一起申请。老公是4年pr, 本人sp，来新1年多，3000+月薪，日本护照。",通过
先生是新加坡人，军队工作。申请时结婚3年半，无小孩，本人澳洲大学学历。之前在澳洲生活，刚来新加坡。,通过
条件如下：老公主申请人，我和老公都是211大学本科毕业，老公工程师，EP P2准证，2010年6月底来新，我和女儿去年4月底来新，女儿读幼儿园，我目前未工作，今年3月15日申请，5月初刚EP和DPrenew好.  貌似等我老公来新满2年再批的，因为今天刚好满。一直觉得我们的条件不是很好，悲剧的可能性比较大，没想到批了，也许政策真的放宽点了，祝所有已申请的和准备申请的朋友好运！,通过
"我2月申请PR,今天收到的准信，好开心！和大家分享一下，最重要的是持S准证的别灰心啊！我是S准证，在幼儿园做华文老师，来新8年。老公WP，来新6年，一个女儿在中国，全家一起申请批准了。我是在这边读的幼师，中国的学历是大专，老公的学历也是国内的大专，我是主申请人。一直说女的带男的不好申请，在我身上所有的奇迹都出现了，所以你们要申请的也加油啊！",通过
"在下工资只有2000 没有本科，GROSS SALARY 只有2100，只有diploma,私立的。来新13年了。去年9月拿EP 人事部叫我等半年才申请PR，他也是说现在很难批。我就等了到今年四月去交材料，一次击中。过去12年半都拿WP。因为工资只有1000-1500。就这样努力的爬上来，才拼到的。祝大家早日已偿。",通过
"单身女，在新呆了近6年，工作1年，目前EP, NTU PHD degree, 国内本科，月薪3250，",通过
来新4年，单身，一直持p2，09年申请杯具过，当时薪水4500，现在薪水5800,通过
我的条件如下，2011年12月份申请，5月22日收到批准信，信上写的时间是5月16日，等待4个月20天。我是P2准证，申请时来新时间3年半。  以家庭为单位申请，全家拿PR.  老婆SP准证，申请时来新3年半，宝宝DP准证，申请时6个月。这次是第三次申请，前两次分别等待3个月和1个半月被Reject.。  这次和前两次的区别是准证升级到了P2（为了给父母办LTVP过来照顾宝宝而升级），多了宝宝。  经过漫长的等待，终于批准了，在此也祝仍在Pending的朋友好运，也祝自己将来好运！,通过
申请时来新二年四个月，本以为还时有可能通过的，想不到一下就被拒了，请帮我评断一下是年限不够？ 老公国内211硕士毕业，EP，Q1月薪4000+另有15薪，本人国内大专，EP P2，月薪6500另有13薪，女儿一年前在新出生，一家一起申请，计划如果通过后就能买房给宝宝一个自己的家，哎现在杯具了 是否明年再申请希望大些？,失败
"国内大学土木工程专业毕业，08年4月中旬来新做本专业工作，拿ep(q1),老婆中学毕业，无工作，和女儿（4岁）拿dp，曾随我在新居住一年多，因入不敷出，经过讨论后，娘俩去年6月回国i到现在一直在国内。",通过
NTU一年硕 去年六月开始工作 本地公司 EP 3000-4000/mth,失败
第一次，2010年8月14号交资料，同年11月12号拒绝。没任何理由和时间说法。 当时条件： 现场工程师，本地一家B1建筑公司。EP(Q1) 薪水2800。在新加坡2年2个月  现在换了一家本地小建筑公司，老板比较保守，10几年来一直没啥发展，想让我帮公司一起转型。职位是 经理。基本薪水4200 EP(P2). 拥有公司40%股份。  以上是变更的条件，不变的是国内二本学历。土木工程专业。相应的这段时间获得几个本地工程相关的证书。,通过
本人３月６号提交的申请　４月２号被告知补交材料，等了３个月多一点。　　感恩感恩。  本人申请时来新加坡工作4年5个月，国内211本科，从事海事服务业，　工程师，EP  底薪3000＋　最早来新加坡时拿ＷＰ　然后转ＳＰ　再转ＥＰ　交了３年税单  大家可以参考，　本人觉得在新呆得时间是关键，３年税单，　然后你自己是不是决心要带在这里。  希望大家可以借鉴，　咱们在外国人地方都不容易，　希望同胞们都能早日达成梦想！,通过
来新加坡四年. 新加坡本地私立大学 研究生 毕业. 工作2年. SPASS  ...  去年年底申请的， 今年2月批准了.  底薪是2000 多. GROSS 是4500 左右. 房地产公司的销售职位,通过
POLY　EP 提供６个月薪水单,通过
"POLY, EP 提供5个月薪水单 （其间换过一次工作， 之前是SP, 1800/月）",通过
"老公，degree，薪水4k+，满五年，老婆degree,薪水3k+满三年，4个月零10天通过，祝大家好运",通过
"已婚，来新四年的样子，带老婆一起申请，计算机行业，salary 3250,拒得很快啊，估计是薪水低了，7月新的工作，4000+，下次再努力吧",失败
英国博士，4年工作经验，工资6500，13薪。老婆LOC，Sale Associate，1500+500提成。男孩，一岁。来新一年。提交2个月，悲剧！,失败
第二次以新加坡老公的名字申请，等了一个多月，还是被据。本人国内本科，在新工作4年多，一直拿S PASS。薪水2K＋，想来想去，可能是收入太少了吧。,失败
polytechnic 2010 毕业，EP 六个月申请，四个月成功，五百强公司,通过
国内211本科，船舶类设计工程师， 08年6月来新，带老婆孩子一起申请，09年第一次申请被拒。这次倒挺快，两个月零9天批准。基本条件一般，本科学历，批准时基本工资4K+，Gross 6K+，老婆国内武大自学本科，来新后全职主妇。儿子刚满六岁。,通过
老公新加坡人，来新半年，国内本科，现在工作薪水2000，结婚8个月。,通过
"23岁 硕士在读，SM3, NUS bachelor + master",通过
本地PhD毕业，工作半年多，月薪4500+，老婆DP，无小孩，一起申请	，不到5个月通过,通过
夫妻2人一起申请。老公主申请人，都是室内设计行业，sp，国内大专文凭。老公2450，我1950.来新到提交申请3年多8个月。老公跳过一次槽，有推荐信。我没有换过工作，怀孕，无推荐信。 希望虽然不大，但还是希望成功，要我们等待6个月！结果拒得挺快的，呵呵！挺好，少件事牵挂了！,失败
23岁单身女，来新2年8个月。EP Q1，master，月薪3000+,失败
单身男，来新加坡3年多，工资2800，国内重本，计算机行业... 这是第二次申请了，还是被拒，第一次申请时大选前，运气不好，也悲剧了... 准备上诉...,失败
2011年6月底交的，等了9个多月，老婆DP，带老婆一起申请的，月薪2700，国内大专，SP，来新8年了，第一次申请,通过
"本人薪水5000＋，来新2年, EP, 老婆 nus phd 同申， 儿子2岁在国内，未申请，才1个半月就收到据信，",失败
单身，男。来新5.5年，工作1.5年，工资2800，3月底合同到期。国内本科，国大Ph.D. part time,通过
我和老公2010年7月结婚。老公是SP快2年了，来新6年（都在同一个工厂），薪水大概每个月2700。已经连续交了2年的税了，今年的还没交。学历是国内的普通大专和ITE的NITEC 2。我是WP，来新快5年，在同一个工厂4年，现在在新公司快半年，薪水大概每个月1700。学历是国内的中专和ITE的NITEC 3。老公的老板支持申请，答应帮忙写信。,通过
"申请了2个月看到悲剧, 可是我觉得我们的条件还不错 和老婆一起申请,我是澳洲五星大学研究生毕业,土木工程师,老婆是政府雇员, 国内本科, 汉语老师, 我在这里2年半了,老婆在这里三年半了,都是EP, 而且工资都是3000+, 新加坡结婚一年半了也,都很稳定.",失败
国内双硕士，新加坡工作4年多，一直拿EP.大选前曾被拒一次，第二次申请等了8个月，终于通过。现在PR申请确实不容易！,通过
夫妻申请，国内本科，来新刚好满三年，家庭基本工资总计7k+，去年12月底申请，今天拿到信，刚好满三个月。,通过
本地nafa毕业，拿sp大半年。在新5年,通过
新加坡工作5年,失败
国内重点硕士。2008年初来新。2011年初申请。月薪3000+，单独申请失败。没写再等2年字样。中间有补交过材料。,失败
老婆PR  护士， gross 2000+ 本人student pass,通过
poly/ EP/工作1年半，期间换过4个公司，申请过3次准证,通过
夫妻双方为PR，为宝宝申请PR。宝宝在新加坡出生。,通过
父母双方PR，在新加坡出生，申请后4个月批准。,通过
新加坡私立大学硕士毕业（2年），毕业后做行政工作，2年1个月的时候申请PR，EP，工资2500,通过
男  本科   4000+薪水， 在新工作3年半	 女  大专   2000             在新工作2年半。	 一起申请。,通过
老公EP工程师，工作2年多一点，薪水5k，学历研究生，老婆DP身份，本科学历，目前没有工作，来新1年多，带3岁男宝一起申请。第二次申请，4个月后通过。,通过
自己一个人申请，国内大学本科，EP P2。 07年8月来新加坡实习，08年1月正式上班至今。,通过
"老公09年4月拿到PR，七月担保我和儿子申请DPR，十一月底拒绝，信上有写you can apply again in two years此类字眼。当初不怎么理解in two years,以为是两年内，又以为是两年后。结果就按大多数人给的经验走，半年多后申请，也就是去年七月中再申请，等来等去都没有结果，到今年五月大选后也没有结果，就是那个时候我估计理解in two years 了，到今年十一月刚好满两年，到时应该批了吧，那时是这样想的。前两天（12月4日）网上查结果是APPROVED了。",通过
苦苦等了11个月，煎熬哦~~11月1日批准。在这之前，上星期打电话询问，告知 再多等1-2个星期，没有想到才过3天就收到批准信件。严重怀疑把我们给忘记了。建议：没事打打电话问一问。   跨国公司工作EP1  底薪9000，来新 刚好2年，第2次申请，全家3口全部通过，  年龄已过40岁，孩子17岁。,通过
国内和日本双本科。来新四年，做IT技术支持。薪水3K。老婆1.5K也在新工作。孩子2岁。,失败
"国外硕士,来新1年,4K（尚未纳税）,老公国外硕士,来新1年半,6K。估计EP的P2还是得等过了2年的坎，据信中未写明时间，计划6个月后再申请",失败
在新6年，  09年初新加坡私立本科毕业 毕业后直接在欧洲公司工作 底薪4500 加 提成 有以前公司的推荐信 女，未结婚,通过
国内本科，来新2年，工资3000+，老公NUS博士在读。,失败
我在新工作四年，EP，月薪3000+，老婆过来一年，DP，月薪1500.两人一起申请，我是主申请人。,通过
"国内大学本科，新加坡工作3年，建筑行业工程师，月薪3210，加上补助3910，去年总收入5万多一些。和老婆今年5月份登记结婚，申请时我一个人，因为老婆拿WP,工资也一般。  去交材料很顺利，只是忘记带结婚证红本原件，长官让我填写了个没带的原因，就结束材料验收了。  回来一个小时后，一个长官竟然打电话给我，问我为什么不和老婆一起申请，我说明老婆的条件后，她也就没在说什么了。现在静心等待。",失败
"夫妻名义一起申请，老公是主申请人， 老公：SMU 本科毕业，来新7年（包括4年大学），工作3年，薪水SGD5.5K/月+年终过数万奖金； 老婆：CAT 毕业,在PART-TIME 读 ACCA，来新4年，工作1年多，薪水SGD 1.8K/月",通过
国内重点本科，新加坡私立学校本科，来新4年，薪水3800，老婆回国生小孩。,失败
夫妻EP共同申请。国内重点本科毕业。来新4年半。,通过
TP毕业，工作8个月之后申请。basic salaryS$1800.00/month.	从事与所学专业完全不相关的工作。,通过
国内重点本科毕业， 来新2年， 公司是世界500强， 薪水4500++， 老婆是PR， 结婚半年，自己申请， 悲剧。 可能的原因：1， 可能老婆申请会比较好； 2， 自己还需要加油,失败
本人国内重点大学硕士，来新4年半，PR两年半，薪水4000+，替老婆申请，老婆国内重点大学硕士，但仍在国内就读第二硕士。,通过
"國內博士班, 來新1.2年, 工資6.5k, 大女兒在星國就讀小二,(老婆/二女兒為美國公民)",失败
老婆是新加坡公民，我大专学历，司机，现在月薪1300.以前2500左右，来新8年。。,通过
第一次申请 来新三年半，私立大学MBA（澳洲文凭）+中国一本本科文凭 薪水2000+/月。 SP。单身。26岁。男。  第二次申请 来新四年半，私立大学MBA（澳洲文凭）+中国一本本科文凭 薪水2400+/月。 SP。单身。27岁。男。,失败
2010年Poly毕业，starharb工作，薪水1800，ep. 申请时提交10个月薪水单。,通过
一家三口跟着老公申请，女儿半岁，夫妻两人都是国内硕士。老公来新4年，薪水4.5k。老婆3年，薪水4k。两人以前都单独申请过一次，当然那时候薪水不够。申请时有公寓房产。,通过
英国硕士，来新三年半，薪水3.5+，环境咨询行业，第二次申请，差不多4个月了，还是被拒， 考虑上诉或者回国,失败
男，单身，33岁，国内本科，EP 4年，P2 个月，薪水4300，期待中	2011年10月20日要求公司出信证明职位薪水和合约期限及银行进出明细			 2012年2月15日通过,通过
"夫妻都是PR, 帮国内出生的女儿申请,女儿现在拿LTSVP",通过
NUS毕业，工资不高，已转公民。帮老婆申请，老婆国内大专...申请三个月通过,通过
2500底薪  持SP工作2年8个月 国内大学本科毕业 已婚 老公持WP工作2年  一个人申请,失败
在新第四年，国内本科，nus硕士，用08年发的邀请信申请的，在政府部门工作。说要6个月以上，得慢慢等了！,通过
老公比我大20岁 月薪2w 在新有别墅 结婚10天后申请 我没有工作 今天刚刚拿到信,通过
老公英国博士，来新工作1年，NTU，P2。我英国博士，7月参加工作，NUS，P2，带孩子申请。,失败
"国内博士，P1, 工作5年 来新6个月申请， 老婆SP 一起申请的，刚刚查到从pending 变成 rejected.",失败
NTU master，来新两年半，工作一年，薪资3000，老公PR,通过
刚拿到结婚证的夫妻俩申请，来新10个月，两人都是EP(Q1)，国内重点本科，电子类公司		 今天网上查询Rejected了，不到两个月，还没有收到信，怀疑原因：来新时间短，工资低，没有税单......,失败
老公NTU小硕，，土木工程，薪水3000+，来新三年半，pr 两年半，，我目前LTVP，国内小本，护士，没工作，来新半年，，我们结婚2年1个月,通过
自己国内本科薪水26岁 2700+  EP 工作 3年半 老婆24岁 1500 (申请DP 的letter of consent 写的。实际2500) 工作 8个月.提交了 3年税单 ，最近6个月工资单。9月10通知补充家庭成员材料,通过
"国内本科，NUS Master with scholarship, salary 3000",失败
"EP,基本月薪2700,SIM毕业, UOL会计金融degree. 工作2年半,专业对口. 来新11年多点. 在新念的中学,JC然后SIM. 2009年11月第一次申请,持SP,结果悲剧.后appeal两次都悲剧了. 这次是第二次申请(按照ica的算法, 这次算第四次申请,因为appeal也算一次申请).  等结果吧…… 祝我好运！",通过
"SIM DIPLOMA,SALARY +ALLOWANCE 2800,EP HOLDER ,OVER 10 YEARS",失败
国内学前教育专业专科，国内做幼儿老师3年，在新加坡做文员10个月，幼儿老师1年7个月。,失败
SP毕业，工作半年申请,通过
SP毕业，来新六年，持EP，薪水2300+,通过
Migrated to SG at Nov 2009.  work as a IT sonsultant. Single.,失败
"24岁，国内小本，在读了个私立本科，1st class, ACCA, 工作7个月，EP，2.5K+",通过
来新加坡两年半，北美本科，NTU硕士，EP工作半年递交的申请,失败
"working 18 months, living in Singapore 2 years up till date of application, master of CS from HK",失败
老公带我申请，薪水1750，老公5000，来新4年。我们两都是国内本科，第二次申请了，希望能通过可以买房生孩子,通过
我是地道新加坡人，为老婆申请PR，她和女儿来新五年了，我们结婚两年。妻子无工作，我的月收入大约六千元，硕士学位，注册会计师。,通过
"女, 在新6年, poly畢業, 薪水3000, EP工作半年申請PR",通过
POLY毕业， SP准证，工作半年后申请,通过
"P2, 6000+ , 提交时在新加坡工作3年10个月，妻子和孩子DP一起申请。三个半月批准下来。",通过
单身，3000~3500，停留时间1.5年，新加坡电子类大型企业，中国国内本科学历，工作3.5年（中国2年，新1.5年）			19号发出的拒信，什么都没说，就说没成功。。。估计是：薪水不够高，非本地学校毕业，逗留时间太短，单身。。。。,失败
"10年2月来新，国内本科，EP,工资3200；老公新加坡本地人，工资6300。",通过
本人来新三年，读了一个私立学校的破大专，09年底嫁新加坡本地人，老公小我一岁自己有个公司，上星期查说还在等待，也没要我补交过资料,通过
"2010年9月来新,每月底薪4500.海外硕士",失败
一家三口来新不到一年申请，老公ep，我和孩子DP，我没工作，失败原因可能是来新时间太短了吧？不知道为什么被拒。,失败
来新三年，SP，单身，国内本科学历,失败
我主申请人，EP，底薪1825；老公WP，底薪800.,通过
"和老婆一起申请，老婆EP,S$4000,我PhD,scholarship S$3000",通过
"老公是新公民,本科，薪水3K+, 大我5岁。本人来新3年，国内大专，新加坡也读了个私立的破大专。原是电子厂WP，2010年9月底注册的。2011年2月辞职申请到LTVP一年期限。希望有好结果A！ 昨天居然收到批准信了，内个激动得。。。",通过
o8年来新-工作，遇到个好男人-嫁了，这是第一次申请-过了。,通过
去年毕业义安diploma，没有邀请信。工作中，申请时交6个月工资条。	  通过了。,通过
"老公是新加坡人,薪水2.6K.我现在拿long term visit pass. 现在master在读.",通过
"我先生在新7年，本科，基本薪水4500，PR快5年了。我在新3年，本科，薪水3000 这是第4次申请，目前怀孕中 第3次申请的时候，公司SUPPORT,有被要求补充资料，可补充资料后的一周，就被拒了  终于收到信了，这么久，已经没有什么欣喜了。 经验是应该要催他们的，因为我们已经有房，所以我也不是很着急，所以没有写信什么的，结果我想他们大概是忘记了，上个月我就写了邮件问他们情况，他们就很快恢复我，并要我补充资料，这个月就批了，郁闷，看来他们之前是把我忘了。",通过
老公新加坡人，银行工作。本人学生签证。两人同岁。,通过
"老公是主申请人，教师，硕士，EP (Q1), 来新4年多；	自己是在读博士，来新3年。",通过
本人条件：28岁，男，来新加坡工作1年3个月，基本工资4600（P2），国内top2的博士，专业对口，石油技术服务行业，有税单 分析原因：现在PR收紧，而自己来新时间太短，薪水没有足够高，且非本土学院毕业， 只能过一段时间等自己有所提升再说了,失败
"夫妻是PR, 帮女儿申请。",通过
"本人国内名校本硕，国立大学博士，薪水~5.5k,来新5年。",通过
男单身29岁，在新私校8年，从语言读到 MBA	 毕业后持EP Q1， 6个月后递交申请，3k月薪 申请使用英国商业本科文凭,通过
"本人来新7年，半年前拿到SC，薪水3K+, 老婆来新1年多，国内本科毕业，来新拿student pass读私立学校，注册结婚1个月后帮老婆申请PR，1个月左右要求补充材料，等待中更换了long term，昨天收到PR批准信",通过
26岁，光棍，Diploma，计算机行业，月薪4k+，07年7月来新 前年12月申请过一次，去年3月杯具，隔了6个月再申,通过
"国内重点本科，P1,IT application consultant，月薪7k,来新15个月，全家申请，老婆本科，国内护士长，儿子3岁。	 10月13日补缴税单",通过
"Applied PR for child, Parents got the PR two years ago.",通过
国内重点本科，工作4年；新加坡工作2年差一个月。3300一个月。有09年税单。 500强公司，有公司信。 2个月收到拒信。什么都没讲，只说你的申请不成功。。。。,失败
"2010年POLY毕业, EP,SINGTEL做IT（2K+）",通过
来新加坡6年，degree毕业，现拿SP。老公新加坡公民，工资3.3K,通过
申请时来新加坡时间很短，被拒绝，9月15号上诉，12月10号被拒绝。。。。。。。。,失败
这个是测试，为方便查询，大家更新状态后，右边会有更新时间(时间是服务器时间，服务器不在中国，所以显示的是其他地方的时间)，今天以后的结果会根据时间排序(貌似以前的记录有问题，由于时间有限，大家先将就着用，我有时间再改)，祝大家好运！,通过
"8.26。 跟老公一起申请。 老公： EP， 3500，工作14个月。德国大学毕业的master。IT行业，公司support。 本人： Student Pass, 来新2年半，NTU 在读PH.D。 还没消息。",失败
一家三口申请，父亲EP。母亲SP。新生儿宝宝男孩6个月,失败
8月27日给先生申请.,通过
两年　国内硕士　３Ｋ多收入 偶的情况　只能看运气好点才有些希望 .,失败
8.16交的材料夫妻俩都是EP 希望好运 来新9个月	  ..,失败
"4200,来新三年，国内本科土木工程专业",通过
